crop_id,verdict
c001,ship
c002,not_ship
c003,ship
c004,unsure
c005,not_ship
c006,not_ship
c007,ship
c008,ship
c009,ship
c010,ship
c011,not_ship
c012,ship
c013,not_ship
c014,not_ship
c015,not_ship
c016,ship
c017,not_ship
c018,ship
c019,ship
c020,not_ship
c021,ship
c022,not_ship
c023,not_ship
c024,not_ship
c025,ship
c026,not_ship
c027,ship
c028,not_ship
c029,not_ship
c030,not_ship
c031,ship
c032,ship
c033,unsure
c034,ship
c035,ship
c036,ship
c037,ship
c038,not_ship
c039,not_ship
c040,ship
c041,ship
c042,not_ship
c043,ship
c044,not_ship
c045,ship
c046,ship
c047,ship
c048,not_ship
c049,ship
c050,ship
c051,ship
c052,not_ship
c053,not_ship
c054,not_ship
c055,ship
c056,ship
c057,not_ship
c058,ship
c059,unsure
c060,not_ship
c061,ship
c062,not_ship
c063,ship
c064,not_ship
c065,ship
c066,not_ship
c067,not_ship
c068,unsure
c069,ship
c070,not_ship
c071,not_ship
c072,ship
c073,not_ship
c074,not_ship
c075,not_ship
c076,not_ship
c077,not_ship
c078,ship
c079,not_ship
c080,not_ship
c081,ship
c082,ship
c083,ship
c084,ship
c085,not_ship
c086,ship
c087,not_ship
c088,not_ship
c089,not_ship
c090,not_ship
c091,ship
c092,ship
c093,not_ship
c094,not_ship
c095,ship
c096,not_ship
c097,not_ship
c098,not_ship
c099,ship
c100,not_ship
c101,ship
c102,not_ship
c103,ship
c104,not_ship
c105,not_ship
c106,not_ship
c107,not_ship
c108,not_ship
c109,ship
c110,ship
c111,not_ship
c112,ship
c113,not_ship
c114,not_ship
c115,not_ship
c116,ship
c117,ship
c118,unsure
c119,not_ship
c120,not_ship
c121,ship
c122,not_ship
c123,ship
c124,not_ship
c125,not_ship
c126,not_ship
c127,not_ship
c128,not_ship
c129,not_ship
c130,not_ship
c131,not_ship
c132,not_ship
c133,ship
c134,ship
c135,not_ship
c136,ship
c137,not_ship
c138,ship
c139,ship
c140,not_ship
c141,not_ship
c142,unsure
c143,ship
c144,not_ship
c145,not_ship
c146,not_ship
c147,not_ship
c148,not_ship
c149,not_ship
c150,not_ship
c151,ship
c152,not_ship
c153,not_ship
