crop_id,version,tile,box_idx,conf,crop_x0,crop_y0,crop_x1,crop_y1
c001,sr,P1009__1024__824___352,1,0.6773,255,483,379,592
c002,sr,P1751__1024__0___2976,4,0.5778,358,0,473,94
c003,bicubic,P1009__1024__2472___0,1,0.39,380,851,509,963
c004,sr,P1315__1024__824___2472,0,0.3674,857,176,991,297
c005,sr,P1751__1024__0___2976,35,0.3064,330,208,439,311
c006,sr,P1751__1024__0___2976,23,0.3964,360,83,466,194
c007,sr,P1065__1024__1648___1513,0,0.4568,527,0,652,106
c008,sr,P1005__1024__824___0,1,0.4135,626,343,761,474
c009,sr,P1009__1024__2472___0,3,0.516,353,26,482,136
c010,sr,P1007__1024__5768___0,0,0.7068,563,664,691,779
c011,sr,P1751__1024__0___2976,31,0.3144,378,221,486,323
c012,sr,P1095__1024__4417___824,2,0.2747,355,1,469,115
c013,sr,P1751__1024__0___2976,29,0.3327,329,231,437,334
c014,sr,P1751__1024__0___2976,13,0.4606,884,0,994,78
c015,sr,P2722__1024__2999___1422,0,0.336,258,0,373,69
c016,sr,P1095__1024__0___1154,0,0.3339,936,0,1024,82
c017,sr,P1023__1024__2472___56,0,0.4466,674,548,786,652
c018,sr,P1014__1024__0___0,4,0.3112,213,917,337,1024
c019,bicubic,P1065__1024__0___0,0,0.3245,708,748,833,867
c020,sr,P2718__1024__2472___0,4,0.2502,560,863,663,973
c021,sr,P1014__1024__0___0,1,0.5016,834,670,963,782
c022,sr,P1751__1024__0___2976,25,0.3822,213,100,320,216
c023,sr,P1751__1024__0___2976,19,0.4167,195,50,301,163
c024,sr,P1751__1024__0___2976,32,0.313,339,0,445,88
c025,sr,P0953__1024__1648___0,0,0.4539,429,687,557,824
c026,sr,P1751__1024__0___2976,21,0.4121,420,338,527,440
c027,sr,P1023__1024__0___0,1,0.4095,966,649,1024,776
c028,sr,P1751__1024__0___2976,6,0.5116,330,250,439,352
c029,sr,P1095__1024__4417___824,1,0.3047,586,744,704,858
c030,sr,P0615__1024__0___0,1,0.2763,603,867,718,986
c031,sr,P1009__1024__2472___0,1,0.6658,382,852,508,962
c032,sr,P1009__1024__2472___0,2,0.6379,0,592,81,707
c033,sr,P1610__1024__1648___2472,0,0.325,371,289,484,404
c034,sr,P1009__1024__2472___0,4,0.4372,329,760,442,907
c035,bicubic,P1095__1024__0___1154,0,0.5228,923,0,1024,87
c036,bicubic,P1009__1024__824___352,0,0.2793,254,482,380,593
c037,sr,P1065__1024__2472___1513,7,0.2821,756,758,883,884
c038,sr,P1380__1024__3296___3296,1,0.6978,612,358,728,475
c039,sr,P1751__1024__0___2976,0,0.7185,303,287,411,402
c040,bicubic,P1023__1024__824___56,0,0.3188,141,594,253,720
c041,bicubic,P1023__1024__0___0,1,0.3659,962,647,1024,779
c042,sr,P1023__1024__0___0,0,0.4116,537,636,703,773
c043,sr,P1007__1024__5768___238,1,0.5548,124,580,233,704
c044,sr,P1751__1024__0___2976,40,0.2626,356,147,461,259
c045,bicubic,P1009__1024__2472___0,0,0.486,327,760,444,905
c046,sr,P1065__1024__2472___1513,2,0.6124,943,514,1024,639
c047,sr,P1014__1024__1044___0,1,0.3435,245,144,367,251
c048,sr,P1022__1024__1680___0,5,0.2781,369,287,484,400
c049,sr,P1065__1024__2472___1513,3,0.4819,805,697,933,820
c050,sr,P1095__1024__0___1154,1,0.2605,934,0,1024,66
c051,sr,P0961__1024__4120___0,0,0.3957,634,283,749,409
c052,sr,P1751__1024__0___2976,11,0.468,215,98,321,213
c053,sr,P1023__1024__824___56,0,0.2975,791,518,910,629
c054,sr,P1022__1024__1680___0,4,0.2816,253,255,364,364
c055,sr,P0932__1024__133___95,0,0.3941,743,240,867,350
c056,sr,P0932__1024__0___95,0,0.4767,876,240,1000,350
c057,sr,P1751__1024__0___2976,34,0.3073,284,92,396,215
c058,sr,P1007__1024__5768___238,0,0.5968,563,427,690,540
c059,sr,P1380__1024__3296___3296,3,0.4739,512,185,639,314
c060,sr,P1022__1024__1680___0,0,0.4626,470,339,583,453
c061,sr,P0615__1024__0___0,0,0.6376,236,380,361,503
c062,sr,P1380__1024__3296___3296,2,0.4895,432,805,548,925
c063,sr,P1065__1024__2472___1513,1,0.6261,655,894,771,1013
c064,sr,P1751__1024__0___2976,14,0.4597,353,4,463,112
c065,sr,P1009__1024__2472___0,5,0.3674,0,642,70,752
c066,sr,P1751__1024__0___2976,18,0.4247,321,208,429,311
c067,sr,P1751__1024__0___2976,12,0.4619,325,201,434,306
c068,sr,P2714__1024__0___0,0,0.4944,301,852,421,971
c069,sr,P1065__1024__0___0,0,0.4047,711,752,830,863
c070,sr,P1751__1024__0___2976,3,0.5862,331,0,440,99
c071,sr,P1751__1024__0___2976,36,0.3052,335,293,444,400
c072,sr,P1014__1024__1044___0,3,0.2506,260,420,384,530
c073,sr,P1380__1024__3296___3296,4,0.4566,424,809,539,927
c074,bicubic,P1023__1024__0___0,0,0.5439,537,634,706,775
c075,sr,P1751__1024__0___2976,5,0.5753,342,400,452,512
c076,sr,P1751__1024__0___2976,16,0.4447,329,225,437,327
c077,sr,P2718__1024__2472___0,2,0.2987,740,740,851,851
c078,sr,P1007__1024__5768___0,1,0.6786,123,818,233,941
c079,sr,P2718__1024__2472___0,3,0.276,725,944,835,1024
c080,sr,P1751__1024__0___2976,30,0.3301,386,321,492,430
c081,sr,P1014__1024__1044___895,0,0.3188,717,551,853,664
c082,sr,P1007__1024__1648___238,0,0.3097,207,294,322,404
c083,sr,P1095__1024__4120___0,1,0.333,655,854,764,964
c084,sr,P1095__1024__4120___0,4,0.253,651,825,766,939
c085,sr,P1751__1024__0___2976,43,0.258,470,367,580,470
c086,bicubic,P1065__1024__2472___1513,0,0.2814,803,696,934,823
c087,sr,P1751__1024__0___2976,44,0.2558,241,96,348,200
c088,sr,P1065__1024__2472___1513,6,0.3135,908,580,1024,698
c089,sr,P1266__1024__2976___824,0,0.6373,924,574,1024,744
c090,sr,P2718__1024__2472___0,0,0.3462,747,716,856,823
c091,sr,P1014__1024__0___0,2,0.4274,813,689,941,801
c092,sr,P1014__1024__0___0,0,0.5444,813,180,925,307
c093,sr,P2724__1024__0___1432,0,0.2552,428,447,549,550
c094,sr,P2722__1024__2472___1422,0,0.3386,784,0,901,68
c095,sr,P0953__1024__824___132,0,0.304,873,489,995,619
c096,sr,P1751__1024__0___2976,26,0.3767,379,375,489,488
c097,sr,P1022__1024__1680___0,2,0.3186,440,342,553,456
c098,sr,P1751__1024__0___2976,10,0.4752,876,0,985,79
c099,sr,P1014__1024__0___0,3,0.3289,279,307,388,429
c100,sr,P1022__1024__1680___0,3,0.2916,337,293,449,402
c101,sr,P1095__1024__4120___0,2,0.2806,592,751,712,867
c102,sr,P1751__1024__0___2976,42,0.2587,368,129,477,231
c103,sr,P0019__1024__2472___0,0,0.2619,761,641,879,750
c104,sr,P1380__1024__3373___3670,1,0.4156,560,0,677,81
c105,sr,P1751__1024__0___2976,2,0.6712,291,268,401,376
c106,sr,P1751__1024__0___2976,17,0.4396,335,23,442,132
c107,sr,P1751__1024__0___2976,22,0.3968,294,144,401,262
c108,sr,P2363__1024__1213___824,0,0.3628,829,505,951,611
c109,sr,P1065__1024__2472___1513,0,0.6584,898,585,1024,707
c110,bicubic,P1065__1024__2472___1513,1,0.2523,939,511,1024,642
c111,sr,P1751__1024__0___2976,9,0.4787,284,136,394,262
c112,sr,P1005__1024__824___0,0,0.5509,839,195,946,312
c113,sr,P0347__1024__537___1648,0,0.2649,678,689,809,807
c114,sr,P1751__1024__0___2976,38,0.2849,414,365,522,471
c115,bicubic,P1023__1024__2472___56,0,0.2641,126,415,255,530
c116,sr,P0953__1024__1648___0,1,0.4459,49,621,171,751
c117,sr,P1014__1024__1044___0,0,0.3503,310,483,420,607
c118,bicubic,P1065__1024__0___0,1,0.2704,910,966,1024,1024
c119,sr,P1751__1024__0___2976,27,0.3677,358,388,464,497
c120,sr,P1065__1024__2472___1513,5,0.4002,530,933,642,1024
c121,sr,P1095__1024__4120___0,0,0.5081,14,477,131,589
c122,sr,P1266__1024__2976___824,1,0.55,916,580,1024,741
c123,sr,P1009__1024__824___352,0,0.7039,755,390,883,500
c124,sr,P1751__1024__0___2976,33,0.3079,315,34,424,147
c125,sr,P1541__1024__2976___824,0,0.4648,488,859,596,974
c126,sr,P1380__1024__3296___3296,6,0.3711,417,816,532,932
c127,sr,P1022__1024__1680___0,1,0.4175,482,336,593,450
c128,sr,P1751__1024__0___2976,28,0.356,331,231,440,333
c129,sr,P1751__1024__0___2976,7,0.4905,290,208,398,321
c130,sr,P2718__1024__2472___0,1,0.3056,522,590,635,697
c131,sr,P1751__1024__0___2976,37,0.2982,228,219,344,335
c132,sr,P1751__1024__0___2976,1,0.6931,392,352,498,466
c133,sr,P1009__1024__2472___0,0,0.671,630,94,759,204
c134,sr,P1009__1024__2472___0,7,0.2588,316,577,429,707
c135,sr,P1380__1024__3373___3670,0,0.4522,536,0,651,101
c136,sr,P1014__1024__1044___824,0,0.2955,718,622,854,734
c137,sr,P1095__1024__4120___0,3,0.2674,272,543,396,656
c138,sr,P1009__1024__2472___0,6,0.2897,215,758,342,868
c139,bicubic,P1005__1024__824___0,0,0.2843,625,342,761,475
c140,sr,P1380__1024__3296___3296,0,0.7149,636,337,756,456
c141,sr,P1014__1024__1044___0,2,0.2905,124,140,233,258
c142,sr,P2393__1024__824___0,0,0.525,381,115,545,258
c143,sr,P1065__1024__2472___1513,4,0.4415,656,897,770,1018
c144,sr,P1751__1024__0___2976,8,0.4841,325,209,434,312
c145,sr,P1751__1024__0___2976,39,0.2709,343,22,449,129
c146,sr,P1380__1024__3296___3296,5,0.4129,505,868,622,980
c147,sr,P1751__1024__0___2976,20,0.4124,367,79,475,193
c148,sr,P1751__1024__0___2976,41,0.2599,349,0,458,55
c149,sr,P2393__1024__824___0,1,0.3283,388,142,527,263
c150,sr,P1095__1024__4417___824,0,0.5322,589,749,707,863
c151,sr,P0961__1024__4120___87,0,0.3496,634,196,749,322
c152,sr,P1751__1024__0___2976,24,0.3939,382,276,492,379
c153,sr,P1751__1024__0___2976,15,0.4474,379,375,486,486
