set,tile,version,psnr,ssim
setA,P0019__1024__2472___2472,bicubic,30.235903908549638,0.6296509507075514
setA,P0019__1024__2472___2472,sr,29.81999376980648,0.6116252242305312
setA,P0053__1024__385___397,bicubic,15.632417188315632,0.3146723393211554
setA,P0053__1024__385___397,sr,15.62635835175878,0.34604053769787296
setA,P0110__1024__1540___1046,bicubic,29.37799522171909,0.7473295448972879
setA,P0110__1024__1540___1046,sr,28.815249487403616,0.7348054707941835
setA,P0110__1024__824___1046,bicubic,31.391388261340225,0.7853473119847557
setA,P0110__1024__824___1046,sr,30.248368807069703,0.768115249108015
setA,P0261__1024__390___0,bicubic,22.17427714701284,0.641290022920581
setA,P0261__1024__390___0,sr,22.697598769231536,0.6900877364430307
setA,P0262__1024__1260___824,bicubic,19.42372901661589,0.5431623014288753
setA,P0262__1024__1260___824,sr,19.293413167031133,0.6073380005039584
setA,P0331__1024__0___0,bicubic,28.50911364017378,0.7090815513938233
setA,P0331__1024__0___0,sr,29.40738795701794,0.7030291585720411
setA,P0331__1024__1454___1200,bicubic,27.781244089468693,0.6913569529798965
setA,P0331__1024__1454___1200,sr,28.435309546149732,0.6893578122723764
setA,P0420__1024__596___0,bicubic,30.64261167702174,0.8400143792101539
setA,P0420__1024__596___0,sr,30.257428780752512,0.8393485403618821
setA,P0420__1024__596___94,bicubic,30.585917541278796,0.8301982476459977
setA,P0420__1024__596___94,sr,29.971307235841987,0.8285364847875457
setA,P0476__1024__0___205,bicubic,21.39925924216438,0.5531601215809118
setA,P0476__1024__0___205,sr,22.72284576370197,0.5963411729282796
setA,P0526__1024__824___0,bicubic,24.524147555696153,0.5579866334822386
setA,P0526__1024__824___0,sr,24.992353074955904,0.567857354200561
setA,P0551__1024__0___0,bicubic,25.811551686956324,0.4723773244312812
setA,P0551__1024__0___0,sr,26.16986913176195,0.46701955130637623
setA,P0579__1024__0___0,bicubic,27.17346127770543,0.4867659495578946
setA,P0579__1024__0___0,sr,27.63732808105958,0.4806997943296822
setA,P0683__1024__824___0,bicubic,25.577245316492125,0.7513806266692674
setA,P0683__1024__824___0,sr,26.58993129074295,0.7731500903656005
setA,P0696__1024__0___0,bicubic,20.32469358425824,0.5315172928519224
setA,P0696__1024__0___0,sr,20.492775474587354,0.5947461418583049
setA,P0696__1024__0___1113,bicubic,19.6087075848452,0.6518247906742741
setA,P0696__1024__0___1113,sr,18.963683370255573,0.692813841071398
setA,P0696__1024__0___824,bicubic,18.67056351373241,0.5651000957702933
setA,P0696__1024__0___824,sr,18.024268248018252,0.6217810451380291
setA,P0696__1024__515___0,bicubic,19.412335401803357,0.517877849106768
setA,P0696__1024__515___0,sr,18.97434052823462,0.5813073280048512
setA,P0704__1024__0___412,bicubic,21.81930389372927,0.75615753354722
setA,P0704__1024__0___412,sr,22.98708815458495,0.8064082173304329
setA,P0704__1024__1112___412,bicubic,20.713937326833104,0.5945904126058732
setA,P0704__1024__1112___412,sr,21.574639685722836,0.6586675880063338
setA,P0704__1024__824___0,bicubic,19.67645282050002,0.6527846783766201
setA,P0704__1024__824___0,sr,20.8225107112944,0.7322547786660775
setA,P0715__1024__0___587,bicubic,27.849782748643065,0.8983531907402037
setA,P0715__1024__0___587,sr,28.759069191590918,0.9025987915309345
setA,P0763__1024__0___74,bicubic,21.675866761692543,0.6427338375660168
setA,P0763__1024__0___74,sr,23.524127699464845,0.719925276531178
setA,P0789__1024__625___68,bicubic,21.321005279001014,0.6583953651002368
setA,P0789__1024__625___68,sr,21.4442090165847,0.7071367028592038
setA,P0799__1024__0___867,bicubic,21.584645783355878,0.7863503811484671
setA,P0799__1024__0___867,sr,21.206120327422422,0.8186812108352367
setA,P0799__1024__303___0,bicubic,21.12310405722049,0.6709389327706369
setA,P0799__1024__303___0,sr,21.349741627327777,0.7217713543042276
setA,P0799__1024__303___867,bicubic,20.481323157655336,0.7297196628971432
setA,P0799__1024__303___867,sr,20.360064708614335,0.7774325361190232
setA,P0801__1024__0___686,bicubic,25.209187684276348,0.7692199155829327
setA,P0801__1024__0___686,sr,24.733984552548005,0.7631894664185791
setA,P0801__1024__1648___0,bicubic,24.72798215062406,0.7836036153758864
setA,P0801__1024__1648___0,sr,23.850538248900023,0.7811642996550412
setA,P0801__1024__2400___0,bicubic,26.41534976368892,0.7942020259761082
setA,P0801__1024__2400___0,sr,25.082820934789886,0.7726243516251831
setA,P0838__1024__0___0,bicubic,19.717264661024117,0.6424048771141813
setA,P0838__1024__0___0,sr,19.562090382117322,0.7042935405276906
setA,P0858__1024__824___0,bicubic,24.319990871492394,0.8591819325671838
setA,P0858__1024__824___0,sr,24.858997541063815,0.8725207290626295
setA,P0897__1024__0___4004,bicubic,19.96637361257575,0.5844826187846793
setA,P0897__1024__0___4004,sr,20.670775866566153,0.6529461451606179
setA,P0897__1024__1307___1648,bicubic,18.034617130340973,0.5591695209501624
setA,P0897__1024__1307___1648,sr,18.865798809043095,0.6581428423041525
setA,P0936__1024__1648___0,bicubic,24.529776246622834,0.7053277405381767
setA,P0936__1024__1648___0,sr,25.261481691830593,0.7348784903208389
setA,P0977__1024__0___1193,bicubic,24.145301224250943,0.5614638579956838
setA,P0977__1024__0___1193,sr,24.844307211973607,0.5842950660061973
setA,P0977__1024__824___1193,bicubic,24.553476343312653,0.5350091526304
setA,P0977__1024__824___1193,sr,25.89116540994626,0.5466479466219677
setA,P1066__1024__0___2156,bicubic,25.99885460707768,0.5719661508883381
setA,P1066__1024__0___2156,sr,26.624091978200397,0.5756445683966495
setA,P1066__1024__675___0,bicubic,22.760742327725623,0.5008121122212223
setA,P1066__1024__675___0,sr,23.337896247671903,0.5370195081460367
setA,P1075__1024__0___1648,bicubic,20.24250307254541,0.6284227824066907
setA,P1075__1024__0___1648,sr,20.928192537510128,0.6827033984970091
setA,P1090__1024__0___0,bicubic,29.61342146845631,0.7169240599420362
setA,P1090__1024__0___0,sr,29.6133525548314,0.7034565638512246
setA,P1213__1024__3296___1648,bicubic,42.255309350665115,0.9474737158055272
setA,P1213__1024__3296___1648,sr,39.44223616865968,0.9286753928374797
setA,P1213__1024__824___2472,bicubic,41.068678442093315,0.933463339494509
setA,P1213__1024__824___2472,sr,38.65422298583804,0.911743722045769
setA,P1225__1024__824___0,bicubic,36.99364737339745,0.9163546064720824
setA,P1225__1024__824___0,sr,34.56274915417259,0.8900748232349792
setA,P1234__1024__2472___0,bicubic,34.16615846109222,0.8246507261606136
setA,P1234__1024__2472___0,sr,33.2630595843453,0.8049424401190745
setA,P1242__1024__1648___0,bicubic,32.821248017818235,0.7813371032652722
setA,P1242__1024__1648___0,sr,32.106525718170985,0.7504515785418283
setA,P1242__1024__2976___1648,bicubic,34.14129384291887,0.8101961203129844
setA,P1242__1024__2976___1648,sr,33.41738241793435,0.7926343585909189
setA,P1246__1024__0___824,bicubic,37.668813187003146,0.9171584254360378
setA,P1246__1024__0___824,sr,34.20227896626538,0.8830741853183851
setA,P1246__1024__1648___2976,bicubic,38.160189983191614,0.9305746875226205
setA,P1246__1024__1648___2976,sr,34.510380334426415,0.900948180452068
setA,P1257__1024__1648___2472,bicubic,29.609314917813983,0.7424386588848155
setA,P1257__1024__1648___2472,sr,28.842499954696184,0.7146681019672055
setA,P1257__1024__2472___2976,bicubic,31.57228812332542,0.7253917601929656
setA,P1257__1024__2472___2976,sr,31.00229747129161,0.7041513998409558
setA,P1266__1024__2472___0,bicubic,40.08519812909053,0.9447899994401189
setA,P1266__1024__2472___0,sr,38.229219631546066,0.9281100197619655
setA,P1268__1024__1648___1648,bicubic,35.2829042189492,0.8704518322427743
setA,P1268__1024__1648___1648,sr,30.633487068862383,0.8414081491004178
setA,P1268__1024__824___1648,bicubic,37.290314250896735,0.9196057135504806
setA,P1268__1024__824___1648,sr,35.64622059419796,0.9056275224150735
setA,P1273__1024__2472___1648,bicubic,45.698603497613334,0.9899850691621671
setA,P1273__1024__2472___1648,sr,39.57838677025543,0.9799275413236289
setA,P1275__1024__1648___2472,bicubic,35.14941114281255,0.9107557148891717
setA,P1275__1024__1648___2472,sr,33.43119812414518,0.8984528544161718
setA,P1275__1024__2976___1648,bicubic,37.393276405586356,0.8727374037834951
setA,P1275__1024__2976___1648,sr,36.09140771841955,0.8538391624158924
setA,P1275__1024__2976___824,bicubic,36.32895773047151,0.8463723249093448
setA,P1275__1024__2976___824,sr,34.68579607992597,0.8228763223898851
setA,P1278__1024__2472___0,bicubic,39.493866486675834,0.9088913054661857
setA,P1278__1024__2472___0,sr,37.82800522805777,0.8880579040016222
setA,P1278__1024__3296___824,bicubic,42.06741034554054,0.9550550349187518
setA,P1278__1024__3296___824,sr,39.38626574556193,0.9352446995666126
setA,P1314__1024__1648___1648,bicubic,34.46963520388235,0.8672647626472342
setA,P1314__1024__1648___1648,sr,32.38809287321733,0.842288060795477
setA,P1332__1024__1648___824,bicubic,50.31278080806709,0.9969422543539327
setA,P1332__1024__1648___824,sr,41.219499881028845,0.990917764516924
setA,P1332__1024__2472___824,bicubic,47.40683985565064,0.9898201021766075
setA,P1332__1024__2472___824,sr,40.35808650812065,0.9802223577367631
setA,P1332__1024__2976___0,bicubic,36.072310707839854,0.8819820848226504
setA,P1332__1024__2976___0,sr,33.87777631006299,0.8404716070261155
setA,P1332__1024__824___0,bicubic,56.21442049410617,0.9986843569493976
setA,P1332__1024__824___0,sr,42.29138158193793,0.9931537471692206
setA,P1386__1024__3296___824,bicubic,41.860264109503376,0.985216770317009
setA,P1386__1024__3296___824,sr,34.14827574596783,0.9511534953111483
setA,P1429__1024__0___824,bicubic,39.807343146339655,0.9777605801810889
setA,P1429__1024__0___824,sr,34.36119604922706,0.9349045494823381
setA,P1738__1024__824___824,bicubic,36.147104029108625,0.9348177599391514
setA,P1738__1024__824___824,sr,31.022032205374405,0.88630242095438
setA,P1786__1024__1648___1648,bicubic,27.739963243865265,0.6904943919983019
setA,P1786__1024__1648___1648,sr,27.551309844160514,0.6917174890876684
setA,P1860__1024__932___714,bicubic,23.548097182452207,0.5038162093087863
setA,P1860__1024__932___714,sr,23.998108395802138,0.5346739477871024
setA,P2285__1024__0___2841,bicubic,37.60305121469877,0.9233281571870533
setA,P2285__1024__0___2841,sr,36.657601612769085,0.9034982569684079
setA,P2285__1024__1648___1648,bicubic,34.70174016780941,0.9206034346330202
setA,P2285__1024__1648___1648,sr,32.70862425144002,0.8942756262612965
setA,P2285__1024__2472___1648,bicubic,37.91442813460121,0.9308301851723186
setA,P2285__1024__2472___1648,sr,35.60874428378435,0.904798364598956
setA,P2285__1024__824___0,bicubic,36.4995559455475,0.9316838362516068
setA,P2285__1024__824___0,sr,34.78712206750443,0.9038210945686078
setA,P2285__1024__824___1648,bicubic,39.84021051048335,0.9323190396901072
setA,P2285__1024__824___1648,sr,37.74383560352069,0.906303975494382
setA,P2645__1024__0___2418,bicubic,25.515070637183417,0.6981503010456014
setA,P2645__1024__0___2418,sr,25.98014074214655,0.7230398176734026
setA,P2645__1024__2472___0,bicubic,29.092885824047876,0.746921821337819
setA,P2645__1024__2472___0,sr,29.198635900317935,0.7387128270375367
setA,P2645__1024__3581___2418,bicubic,23.86874879498023,0.5949748976145681
setA,P2645__1024__3581___2418,sr,24.280446116286434,0.6290158583255011
setA,P2678__1024__1648___0,bicubic,35.3228213836191,0.9416902032022848
setA,P2678__1024__1648___0,sr,33.91183185910819,0.9262189171270986
setA,P2678__1024__1648___824,bicubic,42.33240251138956,0.9789572291186336
setA,P2678__1024__1648___824,sr,37.109841951846654,0.9542890716094649
setA,P2709__1024__0___824,bicubic,35.35724225052709,0.9254654052838883
setA,P2709__1024__0___824,sr,32.16046734025821,0.8783980654536984
setA,P2726__1024__1808___1578,bicubic,28.38117798524629,0.8247040597879077
setA,P2726__1024__1808___1578,sr,24.932327695761952,0.7093030188907479
setA,P2733__1024__1648___0,bicubic,24.915065456728062,0.42750958363319586
setA,P2733__1024__1648___0,sr,23.687774906277838,0.3635640855413054
setA,P2733__1024__1803___824,bicubic,26.146224576067635,0.5544034019200232
setA,P2733__1024__1803___824,sr,24.272744494412223,0.5077752090788968
setA,P2758__1024__0___1648,bicubic,34.65050032485093,0.9577561734739221
setA,P2758__1024__0___1648,sr,34.45825414410562,0.9419244696922896
setA,P2758__1024__1648___3322,bicubic,40.031073224599396,0.9643227559438711
setA,P2758__1024__1648___3322,sr,38.2689364267732,0.9374822692916572
setA,P2758__1024__2472___3322,bicubic,31.462639349508965,0.8936420622477992
setA,P2758__1024__2472___3322,sr,30.929361915666792,0.8719656735179853
setA,P2758__1024__3296___3296,bicubic,32.675452905982276,0.9235763459588373
setA,P2758__1024__3296___3296,sr,30.970561363873145,0.8989874016809919
setA,P2758__1024__4120___3296,bicubic,39.53941212690858,0.9565868284385514
setA,P2758__1024__4120___3296,sr,37.69548914802065,0.9294317617590425
setA,P2758__1024__4944___824,bicubic,35.42527107267198,0.9254848510868349
setA,P2758__1024__4944___824,sr,27.418228196921113,0.7753983512572425
setA,P2771__1024__0___0,bicubic,37.628067300955216,0.9638913152534864
setA,P2771__1024__0___0,sr,35.17833373983784,0.939703061796254
setA,P2771__1024__1473___824,bicubic,30.30621863550733,0.8741330388540981
setA,P2771__1024__1473___824,sr,27.76907093681016,0.8306014241061043
setA,P2789__1024__1648___1648,bicubic,24.855648190722693,0.41347937977308136
setA,P2789__1024__1648___1648,sr,25.59826387212852,0.41595686037873775
setA,P2789__1024__1648___3296,bicubic,22.82668935806182,0.5162161880454764
setA,P2789__1024__1648___3296,sr,23.733957399144188,0.5526529066517182
setA,P2789__1024__2472___1648,bicubic,24.775720797202176,0.42348445091988746
setA,P2789__1024__2472___1648,sr,25.28812648402902,0.4253651220696503
setA,P2789__1024__2472___2472,bicubic,24.457739298189818,0.4034629498099737
setA,P2789__1024__2472___2472,sr,24.847615398295176,0.40812235921080436
setA,P2789__1024__824___3296,bicubic,22.44190455503102,0.45334840633155843
setA,P2789__1024__824___3296,sr,23.697513640761457,0.4735505680065206
setA,P2794__1024__2472___3296,bicubic,21.366448281409216,0.4896940350747751
setA,P2794__1024__2472___3296,sr,22.388539167657797,0.5398612336927697
setA,P2794__1024__3368___2472,bicubic,26.214471058502053,0.4445391456233758
setA,P2794__1024__3368___2472,sr,25.528633872932808,0.43677698494481226
setB,P0019__1024__2472___0,bicubic,28.699121447063796,0.6761156627285092
setB,P0019__1024__2472___0,sr,29.06626656011479,0.6678870292618847
setB,P0027__1024__1322___0,bicubic,28.277846759997416,0.700254071925199
setB,P0027__1024__1322___0,sr,28.027910798944333,0.7075709070078009
setB,P0347__1024__0___824,bicubic,33.034336985844014,0.7912253987946546
setB,P0347__1024__0___824,sr,33.739163520538256,0.7799605965415725
setB,P0347__1024__537___1648,bicubic,27.526934002336535,0.6877042889757208
setB,P0347__1024__537___1648,sr,27.779742683856846,0.7039530639118606
setB,P0526__1024__0___658,bicubic,26.11423707693763,0.5794213802247509
setB,P0526__1024__0___658,sr,26.573871768335028,0.5711134541409756
setB,P0579__1024__1116___0,bicubic,24.9007187600629,0.4778412705132457
setB,P0579__1024__1116___0,sr,25.457236324421313,0.4941877387975812
setB,P0615__1024__0___0,bicubic,27.048021238224425,0.7178398941731866
setB,P0615__1024__0___0,sr,27.258748518160914,0.724064604031609
setB,P0910__1024__0___824,bicubic,29.114873651495174,0.8466263924535351
setB,P0910__1024__0___824,sr,28.780968119184646,0.8437491418561468
setB,P0910__1024__0___880,bicubic,29.403327036632284,0.8509321049289532
setB,P0910__1024__0___880,sr,29.0327864102824,0.846176104437785
setB,P0932__1024__0___95,bicubic,26.045260279842385,0.7125004334774321
setB,P0932__1024__0___95,sr,26.448154522229125,0.7276249938317049
setB,P0932__1024__133___95,bicubic,26.43872038716969,0.7483139714792605
setB,P0932__1024__133___95,sr,26.93533641968739,0.7610036043638062
setB,P0953__1024__1648___0,bicubic,26.750223773164382,0.7724198392855873
setB,P0953__1024__1648___0,sr,27.477662025260493,0.782014404196446
setB,P0953__1024__824___132,bicubic,30.333422809089363,0.8313636883785743
setB,P0953__1024__824___132,sr,30.466336699389643,0.8220890882502828
setB,P0961__1024__4120___0,bicubic,21.513772140478196,0.6040705877684373
setB,P0961__1024__4120___0,sr,22.658300811511708,0.6553774143496085
setB,P0961__1024__4120___87,bicubic,21.06085438190272,0.5760707299851592
setB,P0961__1024__4120___87,sr,22.13358714378179,0.6331926800773382
setB,P0961__1024__4944___0,bicubic,22.510794422379185,0.6498609585148921
setB,P0961__1024__4944___0,sr,23.574701549071445,0.6870520920091909
setB,P0970__1024__2472___0,bicubic,26.035812045933607,0.6855348275371984
setB,P0970__1024__2472___0,sr,26.71190807311433,0.6819046743971268
setB,P0998__1024__3296___0,bicubic,24.197287979788975,0.5255052491547609
setB,P0998__1024__3296___0,sr,24.299413564297616,0.5468361611773636
setB,P0998__1024__3296___312,bicubic,24.996294596842436,0.5537464593409671
setB,P0998__1024__3296___312,sr,25.2872763385253,0.5667804808405345
setB,P1005__1024__2472___0,bicubic,24.302434992087115,0.49636283296417655
setB,P1005__1024__2472___0,sr,24.220623968260306,0.5242036849126656
setB,P1005__1024__4120___314,bicubic,24.144054560844506,0.4581081320296167
setB,P1005__1024__4120___314,sr,23.785288667652868,0.47919510371309954
setB,P1005__1024__824___0,bicubic,25.484374038867937,0.5512352338380357
setB,P1005__1024__824___0,sr,24.925715068351977,0.5584052356949147
setB,P1007__1024__1648___238,bicubic,25.689228041687542,0.7092133157082454
setB,P1007__1024__1648___238,sr,25.92497979111711,0.7224005689581227
setB,P1007__1024__5768___0,bicubic,29.321532702691403,0.7887477579974075
setB,P1007__1024__5768___0,sr,29.839012308160115,0.7837697653332928
setB,P1007__1024__5768___238,bicubic,25.824304525287523,0.7379609908947934
setB,P1007__1024__5768___238,sr,26.381856310765563,0.7509268474692273
setB,P1007__1024__7329___238,bicubic,30.17112971224456,0.7292983354609462
setB,P1007__1024__7329___238,sr,29.75211684885586,0.7198627378609758
setB,P1007__1024__824___238,bicubic,24.17900976364853,0.5406309489139504
setB,P1007__1024__824___238,sr,24.109146096238398,0.5634011564217606
setB,P1009__1024__2472___0,bicubic,21.788153009785148,0.5797555841950116
setB,P1009__1024__2472___0,sr,22.371087183530165,0.6353592111641967
setB,P1009__1024__824___352,bicubic,22.39169458171908,0.5704704966565451
setB,P1009__1024__824___352,sr,23.20916899359362,0.6363219821283087
setB,P1014__1024__0___0,bicubic,21.93119940556429,0.5431752162440108
setB,P1014__1024__0___0,sr,22.552209524385756,0.6006444956450133
setB,P1014__1024__1044___0,bicubic,21.224796427225556,0.5145907143309478
setB,P1014__1024__1044___0,sr,21.83039742466983,0.5741037518016686
setB,P1014__1024__1044___824,bicubic,21.79356450528217,0.5460964532723688
setB,P1014__1024__1044___824,sr,22.470769267539097,0.6069935409311348
setB,P1014__1024__1044___895,bicubic,21.87633310644927,0.5449701249421289
setB,P1014__1024__1044___895,sr,22.558517685178735,0.6056257622418425
setB,P1022__1024__0___79,bicubic,23.253317146269946,0.602369484231732
setB,P1022__1024__0___79,sr,23.0552324716824,0.617886160740793
setB,P1022__1024__1680___0,bicubic,18.391974162877222,0.5151553689233724
setB,P1022__1024__1680___0,sr,18.042485644966934,0.5517203148198527
setB,P1022__1024__824___0,bicubic,22.88986402228762,0.6013730099899418
setB,P1022__1024__824___0,sr,22.72701560616791,0.6199232054520297
setB,P1022__1024__824___79,bicubic,23.06845829285196,0.6284089100261694
setB,P1022__1024__824___79,sr,22.918702178540507,0.6430188948793635
setB,P1023__1024__0___0,bicubic,25.26030468301969,0.6522777998017303
setB,P1023__1024__0___0,sr,25.314559699800867,0.6732206745871551
setB,P1023__1024__2472___56,bicubic,26.856458329848657,0.7160491216661719
setB,P1023__1024__2472___56,sr,26.949636763819655,0.7257997219647915
setB,P1023__1024__824___56,bicubic,25.840326711228574,0.7032047085420641
setB,P1023__1024__824___56,sr,25.88278528450671,0.7204560198606571
setB,P1029__1024__1598___638,bicubic,23.566274816978748,0.6405129799411641
setB,P1029__1024__1598___638,sr,24.649668351788108,0.6985829207256918
setB,P1030__1024__0___343,bicubic,23.348426225644324,0.6556701985603836
setB,P1030__1024__0___343,sr,24.199695880720007,0.6971718162900743
setB,P1065__1024__0___0,bicubic,29.057902904837427,0.7509070566754361
setB,P1065__1024__0___0,sr,28.464174008061697,0.7494685918255334
setB,P1065__1024__1648___1513,bicubic,24.607980821001764,0.5188071171499501
setB,P1065__1024__1648___1513,sr,24.62926432811917,0.5470844234447781
setB,P1065__1024__2472___1513,bicubic,26.64556345143678,0.7384182744999226
setB,P1065__1024__2472___1513,sr,26.663559030979158,0.7496206756956765
setB,P1095__1024__0___1154,bicubic,27.59307890151402,0.7589530358153854
setB,P1095__1024__0___1154,sr,27.805384001178297,0.7585927514529877
setB,P1095__1024__4120___0,bicubic,25.109571875054897,0.5432327059388186
setB,P1095__1024__4120___0,sr,24.20455463912063,0.5485852866008293
setB,P1095__1024__4417___824,bicubic,27.168923519317204,0.6634782053253296
setB,P1095__1024__4417___824,sr,26.311757362825844,0.6668536392472313
setB,P1225__1024__0___2472,bicubic,38.75324271362564,0.9304204396212543
setB,P1225__1024__0___2472,sr,35.45670833982575,0.9090080217327401
setB,P1225__1024__2472___2976,bicubic,38.12573747084674,0.9348977495283125
setB,P1225__1024__2472___2976,sr,31.69235866042762,0.8973514815413285
setB,P1230__1024__1648___2976,bicubic,30.078091449721498,0.7645462777467915
setB,P1230__1024__1648___2976,sr,29.88977723468295,0.7545299150061769
setB,P1230__1024__3296___1648,bicubic,29.958577524210668,0.7810035901058444
setB,P1230__1024__3296___1648,sr,29.271341425339944,0.7669896623420122
setB,P1230__1024__3296___2472,bicubic,30.991572735302665,0.8127362473890729
setB,P1230__1024__3296___2472,sr,30.431073533949785,0.8041330318672409
setB,P1230__1024__3296___2976,bicubic,31.458622421590672,0.8234316875978686
setB,P1230__1024__3296___2976,sr,31.016375017180245,0.8184955057147995
setB,P1230__1024__3296___824,bicubic,28.410904016896353,0.7111467608410477
setB,P1230__1024__3296___824,sr,27.735197390583846,0.6911418008513257
setB,P1234__1024__0___1648,bicubic,35.66351594259936,0.8961660616344452
setB,P1234__1024__0___1648,sr,31.468208324895883,0.8464958455484162
setB,P1240__1024__0___1648,bicubic,31.482870959667334,0.7997317797615869
setB,P1240__1024__0___1648,sr,30.538848225232037,0.7836897474632218
setB,P1240__1024__1648___0,bicubic,32.04737313067062,0.8508516629716087
setB,P1240__1024__1648___0,sr,29.513809541649216,0.8238660713108891
setB,P1240__1024__2472___2472,bicubic,33.861139498083276,0.8106371332925679
setB,P1240__1024__2472___2472,sr,32.70338185227955,0.789996501978612
setB,P1240__1024__824___1648,bicubic,28.45076383045418,0.721656409594006
setB,P1240__1024__824___1648,sr,26.69372526847821,0.6868646876646755
setB,P1242__1024__2472___2472,bicubic,31.75868336040299,0.7843553154546865
setB,P1242__1024__2472___2472,sr,30.910461526479992,0.7654639981510775
setB,P1246__1024__0___1648,bicubic,39.59477445433155,0.9401031863184072
setB,P1246__1024__0___1648,sr,36.64375804176061,0.923894133042206
setB,P1246__1024__2976___824,bicubic,35.467993284930316,0.9015681918559797
setB,P1246__1024__2976___824,sr,32.41770162102294,0.8687367665845258
setB,P1257__1024__824___0,bicubic,30.29914980242275,0.7498767911690893
setB,P1257__1024__824___0,sr,29.925004556145357,0.7297348367718696
setB,P1266__1024__2472___824,bicubic,36.117108855953944,0.882508638929476
setB,P1266__1024__2472___824,sr,32.57088464706715,0.8291125674278493
setB,P1266__1024__2976___824,bicubic,35.46088690604118,0.8817070870077433
setB,P1266__1024__2976___824,sr,32.87816153944094,0.8435121996229049
setB,P1269__1024__0___1648,bicubic,33.12246826764247,0.8229062558556365
setB,P1269__1024__0___1648,sr,31.726117050800305,0.7914106422095917
setB,P1269__1024__2472___2596,bicubic,36.478517719978655,0.9055340707582955
setB,P1269__1024__2472___2596,sr,35.05227832243592,0.8940484630421238
setB,P1269__1024__2976___2596,bicubic,34.85901518084778,0.8996278368751035
setB,P1269__1024__2976___2596,sr,30.048920498818802,0.8554031670119908
setB,P1269__1024__824___1648,bicubic,33.46696645414041,0.8275483745804607
setB,P1269__1024__824___1648,sr,32.66843238090401,0.8174198021631304
setB,P1269__1024__824___2472,bicubic,32.591509883768985,0.8057347898238189
setB,P1269__1024__824___2472,sr,31.92304426448974,0.7946228743428067
setB,P1269__1024__824___2596,bicubic,32.6046978742364,0.8070193426820523
setB,P1269__1024__824___2596,sr,31.912020228983145,0.7969736798343477
setB,P1314__1024__1648___824,bicubic,35.50322862229662,0.8742097969948066
setB,P1314__1024__1648___824,sr,33.65891898554438,0.8494299855681838
setB,P1315__1024__0___1648,bicubic,32.139046873419204,0.8067327935448046
setB,P1315__1024__0___1648,sr,30.596721177515956,0.777788624938781
setB,P1315__1024__0___824,bicubic,33.00892541091356,0.8308733709074946
setB,P1315__1024__0___824,sr,31.654818932459733,0.8072266554000785
setB,P1315__1024__824___1648,bicubic,32.19623270934031,0.7941755087161267
setB,P1315__1024__824___1648,sr,29.362793240697897,0.7322361855647298
setB,P1315__1024__824___2472,bicubic,33.476277037647016,0.8546850103574205
setB,P1315__1024__824___2472,sr,31.476535080542508,0.8299052282261773
setB,P1323__1024__0___2472,bicubic,37.23606603426284,0.9167076263147718
setB,P1323__1024__0___2472,sr,33.72074512577803,0.8737605305430857
setB,P1323__1024__2976___2472,bicubic,37.17497370313134,0.9010619765636051
setB,P1323__1024__2976___2472,sr,34.27395017060362,0.8723057037768457
setB,P1332__1024__0___2976,bicubic,39.70253136378986,0.9510380352312789
setB,P1332__1024__0___2976,sr,37.91986016978973,0.9428396409987884
setB,P1342__1024__0___1648,bicubic,25.048113986666593,0.6380484833076838
setB,P1342__1024__0___1648,sr,25.231491945427493,0.6415242918390346
setB,P1342__1024__1648___2976,bicubic,28.695301320254174,0.6777188335325054
setB,P1342__1024__1648___2976,sr,28.430253549894488,0.6695377919333648
setB,P1342__1024__824___0,bicubic,25.28134988214535,0.6274316926615443
setB,P1342__1024__824___0,sr,24.904928939983144,0.6086228665928147
setB,P1342__1024__824___2976,bicubic,28.792938488883564,0.7128022277871598
setB,P1342__1024__824___2976,sr,28.755241279040128,0.7142965203026014
setB,P1356__1024__0___2976,bicubic,27.68453351285592,0.6625394622479726
setB,P1356__1024__0___2976,sr,27.39714200125737,0.6379316267563775
setB,P1356__1024__1648___2472,bicubic,29.031795205477998,0.7423030515918962
setB,P1356__1024__1648___2472,sr,28.623309928541076,0.7191108990539364
setB,P1356__1024__2472___2472,bicubic,29.851161687435553,0.7761282991938764
setB,P1356__1024__2472___2472,sr,29.17287726017093,0.7347883662116527
setB,P1356__1024__2976___1648,bicubic,29.07343029824616,0.7284297271306369
setB,P1356__1024__2976___1648,sr,28.81772785258702,0.7194523327905072
setB,P1356__1024__2976___2976,bicubic,31.195309349966465,0.8014906222851206
setB,P1356__1024__2976___2976,sr,30.186790014360483,0.7712379903529936
setB,P1356__1024__2976___824,bicubic,30.112561542554577,0.789882656804743
setB,P1356__1024__2976___824,sr,29.09566275478813,0.7569342765559962
setB,P1370__1024__2472___0,bicubic,25.177654338133518,0.6714769231768475
setB,P1370__1024__2472___0,sr,23.60952820682155,0.6765612614163868
setB,P1370__1024__2976___0,bicubic,24.015390133813664,0.6555803285574088
setB,P1370__1024__2976___0,sr,22.30084486559101,0.6640405846851006
setB,P1380__1024__3296___3296,bicubic,35.553622603528396,0.9198726400685505
setB,P1380__1024__3296___3296,sr,31.9400227933545,0.8767569850793105
setB,P1380__1024__3373___3670,bicubic,33.64727761136051,0.912000893125488
setB,P1380__1024__3373___3670,sr,31.279066987206207,0.869626474768526
setB,P1384__1024__1648___0,bicubic,25.906098183752984,0.6511941925277844
setB,P1384__1024__1648___0,sr,26.2388594796389,0.6733935825985724
setB,P1541__1024__1648___1648,bicubic,44.10802805366404,0.9745160698055161
setB,P1541__1024__1648___1648,sr,39.32945925894974,0.9444744576303218
setB,P1541__1024__2976___824,bicubic,43.896884403901176,0.9848651779962575
setB,P1541__1024__2976___824,sr,30.960229013885193,0.6680065497903863
setB,P1547__1024__824___2472,bicubic,34.07755185234846,0.8938787640455276
setB,P1547__1024__824___2472,sr,28.658628412850312,0.7751790373621525
setB,P1566__1024__824___2976,bicubic,39.45194353985901,0.9415568784064434
setB,P1566__1024__824___2976,sr,35.03633655082808,0.9008970978118702
setB,P1570__1024__2976___1648,bicubic,44.86493355596012,0.977747757272121
setB,P1570__1024__2976___1648,sr,38.90904207648813,0.9474294865339227
setB,P1610__1024__1648___1648,bicubic,40.78151925568041,0.9503886538229654
setB,P1610__1024__1648___1648,sr,31.56544147394531,0.8734229794375356
setB,P1610__1024__1648___2472,bicubic,41.54177972365409,0.9575349589400689
setB,P1610__1024__1648___2472,sr,35.330039816156734,0.9267538886525677
setB,P1610__1024__2976___824,bicubic,41.32222042180578,0.9594655079609461
setB,P1610__1024__2976___824,sr,33.317387519023775,0.878701435879364
setB,P1619__1024__1648___2472,bicubic,43.859197670873414,0.9743576370978738
setB,P1619__1024__1648___2472,sr,37.136716993739434,0.9259435127211058
setB,P1619__1024__2472___824,bicubic,41.03109788855064,0.9556390429808541
setB,P1619__1024__2472___824,sr,37.72900743761699,0.9384066768799747
setB,P1647__1024__824___2976,bicubic,35.290144482857215,0.9323196850074819
setB,P1647__1024__824___2976,sr,32.31057324474851,0.9016887947544472
setB,P1651__1024__1648___1648,bicubic,36.38934777075538,0.9321908195590236
setB,P1651__1024__1648___1648,sr,33.02449222630601,0.8874555541783321
setB,P1651__1024__1648___824,bicubic,39.255201325146,0.942272143468486
setB,P1651__1024__1648___824,sr,33.672883406783434,0.8942333256483699
setB,P1651__1024__2472___824,bicubic,33.23646517567651,0.9100360609812288
setB,P1651__1024__2472___824,sr,30.008403657400116,0.872461789748912
setB,P1651__1024__2976___2976,bicubic,36.0523553856533,0.9310868372895987
setB,P1651__1024__2976___2976,sr,33.33508161298838,0.907753658483851
setB,P1679__1024__0___3962,bicubic,41.9994748438765,0.9700364190636304
setB,P1679__1024__0___3962,sr,36.46838655014022,0.9369246828795096
setB,P1700__1024__0___824,bicubic,38.91506377119412,0.9453563810316067
setB,P1700__1024__0___824,sr,32.975098146520054,0.8996594637215337
setB,P1700__1024__1648___0,bicubic,41.45396012335478,0.9587823553205658
setB,P1700__1024__1648___0,sr,37.653838978995275,0.9337092426627019
setB,P1700__1024__2976___0,bicubic,44.13922893262941,0.9747864369581776
setB,P1700__1024__2976___0,sr,38.360682667014096,0.9379195715983512
setB,P1720__1024__2472___824,bicubic,44.0233002158261,0.9670864130882023
setB,P1720__1024__2472___824,sr,40.84574168367393,0.949716640583706
setB,P1749__1024__2472___2976,bicubic,41.48487526159229,0.964407169651809
setB,P1749__1024__2472___2976,sr,37.76642284976815,0.9461535304897931
setB,P1751__1024__0___2976,bicubic,32.905479007747246,0.9000278102312304
setB,P1751__1024__0___2976,sr,26.370991456142974,0.8031987602785611
setB,P1770__1024__824___3296,bicubic,37.49164587200766,0.9255211978051999
setB,P1770__1024__824___3296,sr,31.209969412498715,0.8609045959427029
setB,P1786__1024__824___2472,bicubic,29.442781799649907,0.7642016898269445
setB,P1786__1024__824___2472,sr,29.491237151251838,0.7637942028452677
setB,P2256__1024__1648___506,bicubic,31.13447880305572,0.8982067092840325
setB,P2256__1024__1648___506,sr,31.329436631808182,0.8989401563682292
setB,P2256__1024__824___506,bicubic,34.23705587837799,0.9635579169972176
setB,P2256__1024__824___506,sr,34.8288633804452,0.9583847795558406
setB,P2342__1024__890___1350,bicubic,24.518123991982254,0.5704379082592843
setB,P2342__1024__890___1350,sr,24.54075417615475,0.586957896003201
setB,P2342__1024__890___824,bicubic,25.382019941063014,0.5858150333628566
setB,P2342__1024__890___824,sr,25.48425349095387,0.6012086557791162
setB,P2363__1024__1213___824,bicubic,26.282588469955638,0.6568481376993421
setB,P2363__1024__1213___824,sr,24.231370831364654,0.5846339992103413
setB,P2393__1024__824___0,bicubic,36.17915128466396,0.9476474472722277
setB,P2393__1024__824___0,sr,35.55266607343554,0.9457046420596545
setB,P2404__1024__2472___0,bicubic,28.39974069897163,0.7688729065222552
setB,P2404__1024__2472___0,sr,27.281397976842513,0.7496012427948952
setB,P2404__1024__2472___1648,bicubic,29.692880687954002,0.7968483526290346
setB,P2404__1024__2472___1648,sr,28.279954904457103,0.7688723383332817
setB,P2404__1024__3296___2472,bicubic,28.782723932623867,0.7920916001895547
setB,P2404__1024__3296___2472,sr,27.20483084623094,0.7539086844847099
setB,P2504__1024__0___824,bicubic,27.058547099992563,0.6866093366451245
setB,P2504__1024__0___824,sr,26.078846895278318,0.6855045839710413
setB,P2504__1024__596___1118,bicubic,27.652758947670502,0.7037106979384261
setB,P2504__1024__596___1118,sr,26.54755406007642,0.7061970457480689
setB,P2541__1024__0___1542,bicubic,24.224360074215507,0.6104568390119929
setB,P2541__1024__0___1542,sr,23.43706973680853,0.6170519876081081
setB,P2541__1024__824___824,bicubic,27.342204163848653,0.7385675147772778
setB,P2541__1024__824___824,sr,27.14580499330049,0.7525021560119552
setB,P2582__1024__674___725,bicubic,24.535659415845075,0.6650969846815408
setB,P2582__1024__674___725,sr,25.495155302880463,0.6999540886660992
setB,P2645__1024__1648___2418,bicubic,25.052695378717885,0.7034537280715837
setB,P2645__1024__1648___2418,sr,25.51282564693663,0.734077810668818
setB,P2689__1024__4944___824,bicubic,31.151282222197217,0.8466419280517901
setB,P2689__1024__4944___824,sr,31.383868794386167,0.8436112950395688
setB,P2695__1024__824___0,bicubic,27.437098775013105,0.7076594221864602
setB,P2695__1024__824___0,sr,27.25536683266167,0.7217559136429189
setB,P2714__1024__0___0,bicubic,23.569482598954252,0.5822245546043726
setB,P2714__1024__0___0,sr,22.64166006694664,0.586575611214969
setB,P2714__1024__824___0,bicubic,24.144130232984633,0.6157699074055327
setB,P2714__1024__824___0,sr,22.68750433043212,0.609370317353633
setB,P2714__1024__824___1426,bicubic,24.3093593304349,0.5777505798225065
setB,P2714__1024__824___1426,sr,23.60638418508242,0.5940899441208245
setB,P2718__1024__1648___0,bicubic,26.35219707756045,0.6613759180749327
setB,P2718__1024__1648___0,sr,25.597462350645507,0.6646994675006521
setB,P2718__1024__1648___824,bicubic,25.2352741232717,0.6223424801655587
setB,P2718__1024__1648___824,sr,24.852213729396126,0.6390514879403143
setB,P2718__1024__2472___0,bicubic,27.33224798296022,0.678119142328154
setB,P2718__1024__2472___0,sr,26.643455963307943,0.6713879095748321
setB,P2721__1024__3296___0,bicubic,26.39486973706093,0.6635792194299525
setB,P2721__1024__3296___0,sr,25.72603296201116,0.6688194695290631
setB,P2722__1024__1648___0,bicubic,25.775225959805162,0.6407190943289979
setB,P2722__1024__1648___0,sr,25.397468240910683,0.654832042355405
setB,P2722__1024__2472___1422,bicubic,27.25407822372898,0.6494201455812062
setB,P2722__1024__2472___1422,sr,26.72636561339988,0.6548605363655725
setB,P2722__1024__2999___1422,bicubic,27.495650421880747,0.6476186124865396
setB,P2722__1024__2999___1422,sr,27.102436871723597,0.650688150661146
setB,P2724__1024__0___1432,bicubic,28.55555817239996,0.7128997327690504
setB,P2724__1024__0___1432,sr,28.396923361332004,0.715208397927419
setB,P2724__1024__3517___1432,bicubic,25.330442398853762,0.6354614332585214
setB,P2724__1024__3517___1432,sr,24.189919981883953,0.6271736436503169
setB,P2745__1024__0___1475,bicubic,23.375578144875142,0.5884528814745129
setB,P2745__1024__0___1475,sr,23.44533004405651,0.6302847652194407
setB,P2771__1024__0___824,bicubic,39.04425849458931,0.9673158211233838
setB,P2771__1024__0___824,sr,35.262651979832825,0.938438385019004
