tile,version,conf,n_ships
P0019__1024__2472___0,hr,0.25,0
P0027__1024__1322___0,hr,0.25,0
P0347__1024__0___824,hr,0.25,0
P0347__1024__537___1648,hr,0.25,0
P0526__1024__0___658,hr,0.25,0
P0579__1024__1116___0,hr,0.25,0
P0615__1024__0___0,hr,0.25,0
P0910__1024__0___824,hr,0.25,0
P0910__1024__0___880,hr,0.25,0
P0932__1024__0___95,hr,0.25,0
P0932__1024__133___95,hr,0.25,0
P0953__1024__1648___0,hr,0.25,0
P0953__1024__824___132,hr,0.25,0
P0961__1024__4120___0,hr,0.25,0
P0961__1024__4120___87,hr,0.25,0
P0961__1024__4944___0,hr,0.25,0
P0970__1024__2472___0,hr,0.25,0
P0998__1024__3296___0,hr,0.25,0
P0998__1024__3296___312,hr,0.25,0
P1005__1024__2472___0,hr,0.25,0
P1005__1024__4120___314,hr,0.25,0
P1005__1024__824___0,hr,0.25,0
P1007__1024__1648___238,hr,0.25,0
P1007__1024__5768___0,hr,0.25,0
P1007__1024__5768___238,hr,0.25,0
P1007__1024__7329___238,hr,0.25,0
P1007__1024__824___238,hr,0.25,0
P1009__1024__2472___0,hr,0.25,0
P1009__1024__824___352,hr,0.25,0
P1014__1024__0___0,hr,0.25,0
P1014__1024__1044___0,hr,0.25,0
P1014__1024__1044___824,hr,0.25,0
P1014__1024__1044___895,hr,0.25,0
P1022__1024__0___79,hr,0.25,0
P1022__1024__1680___0,hr,0.25,0
P1022__1024__824___0,hr,0.25,0
P1022__1024__824___79,hr,0.25,0
P1023__1024__0___0,hr,0.25,0
P1023__1024__2472___56,hr,0.25,0
P1023__1024__824___56,hr,0.25,0
P1029__1024__1598___638,hr,0.25,0
P1030__1024__0___343,hr,0.25,0
P1065__1024__0___0,hr,0.25,0
P1065__1024__1648___1513,hr,0.25,0
P1065__1024__2472___1513,hr,0.25,0
P1095__1024__0___1154,hr,0.25,0
P1095__1024__4120___0,hr,0.25,0
P1095__1024__4417___824,hr,0.25,0
P1225__1024__0___2472,hr,0.25,0
P1225__1024__2472___2976,hr,0.25,0
P1230__1024__1648___2976,hr,0.25,0
P1230__1024__3296___1648,hr,0.25,0
P1230__1024__3296___2472,hr,0.25,0
P1230__1024__3296___2976,hr,0.25,0
P1230__1024__3296___824,hr,0.25,0
P1234__1024__0___1648,hr,0.25,0
P1240__1024__0___1648,hr,0.25,0
P1240__1024__1648___0,hr,0.25,0
P1240__1024__2472___2472,hr,0.25,0
P1240__1024__824___1648,hr,0.25,0
P1242__1024__2472___2472,hr,0.25,0
P1246__1024__0___1648,hr,0.25,0
P1246__1024__2976___824,hr,0.25,0
P1257__1024__824___0,hr,0.25,0
P1266__1024__2472___824,hr,0.25,0
P1266__1024__2976___824,hr,0.25,0
P1269__1024__0___1648,hr,0.25,0
P1269__1024__2472___2596,hr,0.25,0
P1269__1024__2976___2596,hr,0.25,0
P1269__1024__824___1648,hr,0.25,0
P1269__1024__824___2472,hr,0.25,0
P1269__1024__824___2596,hr,0.25,0
P1314__1024__1648___824,hr,0.25,0
P1315__1024__0___1648,hr,0.25,0
P1315__1024__0___824,hr,0.25,0
P1315__1024__824___1648,hr,0.25,0
P1315__1024__824___2472,hr,0.25,0
P1323__1024__0___2472,hr,0.25,0
P1323__1024__2976___2472,hr,0.25,0
P1332__1024__0___2976,hr,0.25,0
P1342__1024__0___1648,hr,0.25,0
P1342__1024__1648___2976,hr,0.25,0
P1342__1024__824___0,hr,0.25,0
P1342__1024__824___2976,hr,0.25,0
P1356__1024__0___2976,hr,0.25,0
P1356__1024__1648___2472,hr,0.25,0
P1356__1024__2472___2472,hr,0.25,0
P1356__1024__2976___1648,hr,0.25,0
P1356__1024__2976___2976,hr,0.25,0
P1356__1024__2976___824,hr,0.25,0
P1370__1024__2472___0,hr,0.25,0
P1370__1024__2976___0,hr,0.25,0
P1380__1024__3296___3296,hr,0.25,0
P1380__1024__3373___3670,hr,0.25,0
P1384__1024__1648___0,hr,0.25,0
P1541__1024__1648___1648,hr,0.25,0
P1541__1024__2976___824,hr,0.25,0
P1547__1024__824___2472,hr,0.25,0
P1566__1024__824___2976,hr,0.25,0
P1570__1024__2976___1648,hr,0.25,0
P1610__1024__1648___1648,hr,0.25,0
P1610__1024__1648___2472,hr,0.25,0
P1610__1024__2976___824,hr,0.25,0
P1619__1024__1648___2472,hr,0.25,0
P1619__1024__2472___824,hr,0.25,0
P1647__1024__824___2976,hr,0.25,0
P1651__1024__1648___1648,hr,0.25,0
P1651__1024__1648___824,hr,0.25,0
P1651__1024__2472___824,hr,0.25,0
P1651__1024__2976___2976,hr,0.25,0
P1679__1024__0___3962,hr,0.25,0
P1700__1024__0___824,hr,0.25,0
P1700__1024__1648___0,hr,0.25,0
P1700__1024__2976___0,hr,0.25,0
P1720__1024__2472___824,hr,0.25,0
P1749__1024__2472___2976,hr,0.25,0
P1751__1024__0___2976,hr,0.25,0
P1770__1024__824___3296,hr,0.25,0
P1786__1024__824___2472,hr,0.25,0
P2256__1024__1648___506,hr,0.25,0
P2256__1024__824___506,hr,0.25,0
P2342__1024__890___1350,hr,0.25,0
P2342__1024__890___824,hr,0.25,0
P2363__1024__1213___824,hr,0.25,0
P2393__1024__824___0,hr,0.25,0
P2404__1024__2472___0,hr,0.25,0
P2404__1024__2472___1648,hr,0.25,0
P2404__1024__3296___2472,hr,0.25,0
P2504__1024__0___824,hr,0.25,0
P2504__1024__596___1118,hr,0.25,0
P2541__1024__0___1542,hr,0.25,0
P2541__1024__824___824,hr,0.25,0
P2582__1024__674___725,hr,0.25,0
P2645__1024__1648___2418,hr,0.25,0
P2689__1024__4944___824,hr,0.25,0
P2695__1024__824___0,hr,0.25,0
P2714__1024__0___0,hr,0.25,0
P2714__1024__824___0,hr,0.25,0
P2714__1024__824___1426,hr,0.25,0
P2718__1024__1648___0,hr,0.25,0
P2718__1024__1648___824,hr,0.25,0
P2718__1024__2472___0,hr,0.25,0
P2721__1024__3296___0,hr,0.25,0
P2722__1024__1648___0,hr,0.25,0
P2722__1024__2472___1422,hr,0.25,0
P2722__1024__2999___1422,hr,0.25,0
P2724__1024__0___1432,hr,0.25,0
P2724__1024__3517___1432,hr,0.25,0
P2745__1024__0___1475,hr,0.25,0
P2771__1024__0___824,hr,0.25,0
P0019__1024__2472___0,hr,0.5,0
P0027__1024__1322___0,hr,0.5,0
P0347__1024__0___824,hr,0.5,0
P0347__1024__537___1648,hr,0.5,0
P0526__1024__0___658,hr,0.5,0
P0579__1024__1116___0,hr,0.5,0
P0615__1024__0___0,hr,0.5,0
P0910__1024__0___824,hr,0.5,0
P0910__1024__0___880,hr,0.5,0
P0932__1024__0___95,hr,0.5,0
P0932__1024__133___95,hr,0.5,0
P0953__1024__1648___0,hr,0.5,0
P0953__1024__824___132,hr,0.5,0
P0961__1024__4120___0,hr,0.5,0
P0961__1024__4120___87,hr,0.5,0
P0961__1024__4944___0,hr,0.5,0
P0970__1024__2472___0,hr,0.5,0
P0998__1024__3296___0,hr,0.5,0
P0998__1024__3296___312,hr,0.5,0
P1005__1024__2472___0,hr,0.5,0
P1005__1024__4120___314,hr,0.5,0
P1005__1024__824___0,hr,0.5,0
P1007__1024__1648___238,hr,0.5,0
P1007__1024__5768___0,hr,0.5,0
P1007__1024__5768___238,hr,0.5,0
P1007__1024__7329___238,hr,0.5,0
P1007__1024__824___238,hr,0.5,0
P1009__1024__2472___0,hr,0.5,0
P1009__1024__824___352,hr,0.5,0
P1014__1024__0___0,hr,0.5,0
P1014__1024__1044___0,hr,0.5,0
P1014__1024__1044___824,hr,0.5,0
P1014__1024__1044___895,hr,0.5,0
P1022__1024__0___79,hr,0.5,0
P1022__1024__1680___0,hr,0.5,0
P1022__1024__824___0,hr,0.5,0
P1022__1024__824___79,hr,0.5,0
P1023__1024__0___0,hr,0.5,0
P1023__1024__2472___56,hr,0.5,0
P1023__1024__824___56,hr,0.5,0
P1029__1024__1598___638,hr,0.5,0
P1030__1024__0___343,hr,0.5,0
P1065__1024__0___0,hr,0.5,0
P1065__1024__1648___1513,hr,0.5,0
P1065__1024__2472___1513,hr,0.5,0
P1095__1024__0___1154,hr,0.5,0
P1095__1024__4120___0,hr,0.5,0
P1095__1024__4417___824,hr,0.5,0
P1225__1024__0___2472,hr,0.5,0
P1225__1024__2472___2976,hr,0.5,0
P1230__1024__1648___2976,hr,0.5,0
P1230__1024__3296___1648,hr,0.5,0
P1230__1024__3296___2472,hr,0.5,0
P1230__1024__3296___2976,hr,0.5,0
P1230__1024__3296___824,hr,0.5,0
P1234__1024__0___1648,hr,0.5,0
P1240__1024__0___1648,hr,0.5,0
P1240__1024__1648___0,hr,0.5,0
P1240__1024__2472___2472,hr,0.5,0
P1240__1024__824___1648,hr,0.5,0
P1242__1024__2472___2472,hr,0.5,0
P1246__1024__0___1648,hr,0.5,0
P1246__1024__2976___824,hr,0.5,0
P1257__1024__824___0,hr,0.5,0
P1266__1024__2472___824,hr,0.5,0
P1266__1024__2976___824,hr,0.5,0
P1269__1024__0___1648,hr,0.5,0
P1269__1024__2472___2596,hr,0.5,0
P1269__1024__2976___2596,hr,0.5,0
P1269__1024__824___1648,hr,0.5,0
P1269__1024__824___2472,hr,0.5,0
P1269__1024__824___2596,hr,0.5,0
P1314__1024__1648___824,hr,0.5,0
P1315__1024__0___1648,hr,0.5,0
P1315__1024__0___824,hr,0.5,0
P1315__1024__824___1648,hr,0.5,0
P1315__1024__824___2472,hr,0.5,0
P1323__1024__0___2472,hr,0.5,0
P1323__1024__2976___2472,hr,0.5,0
P1332__1024__0___2976,hr,0.5,0
P1342__1024__0___1648,hr,0.5,0
P1342__1024__1648___2976,hr,0.5,0
P1342__1024__824___0,hr,0.5,0
P1342__1024__824___2976,hr,0.5,0
P1356__1024__0___2976,hr,0.5,0
P1356__1024__1648___2472,hr,0.5,0
P1356__1024__2472___2472,hr,0.5,0
P1356__1024__2976___1648,hr,0.5,0
P1356__1024__2976___2976,hr,0.5,0
P1356__1024__2976___824,hr,0.5,0
P1370__1024__2472___0,hr,0.5,0
P1370__1024__2976___0,hr,0.5,0
P1380__1024__3296___3296,hr,0.5,0
P1380__1024__3373___3670,hr,0.5,0
P1384__1024__1648___0,hr,0.5,0
P1541__1024__1648___1648,hr,0.5,0
P1541__1024__2976___824,hr,0.5,0
P1547__1024__824___2472,hr,0.5,0
P1566__1024__824___2976,hr,0.5,0
P1570__1024__2976___1648,hr,0.5,0
P1610__1024__1648___1648,hr,0.5,0
P1610__1024__1648___2472,hr,0.5,0
P1610__1024__2976___824,hr,0.5,0
P1619__1024__1648___2472,hr,0.5,0
P1619__1024__2472___824,hr,0.5,0
P1647__1024__824___2976,hr,0.5,0
P1651__1024__1648___1648,hr,0.5,0
P1651__1024__1648___824,hr,0.5,0
P1651__1024__2472___824,hr,0.5,0
P1651__1024__2976___2976,hr,0.5,0
P1679__1024__0___3962,hr,0.5,0
P1700__1024__0___824,hr,0.5,0
P1700__1024__1648___0,hr,0.5,0
P1700__1024__2976___0,hr,0.5,0
P1720__1024__2472___824,hr,0.5,0
P1749__1024__2472___2976,hr,0.5,0
P1751__1024__0___2976,hr,0.5,0
P1770__1024__824___3296,hr,0.5,0
P1786__1024__824___2472,hr,0.5,0
P2256__1024__1648___506,hr,0.5,0
P2256__1024__824___506,hr,0.5,0
P2342__1024__890___1350,hr,0.5,0
P2342__1024__890___824,hr,0.5,0
P2363__1024__1213___824,hr,0.5,0
P2393__1024__824___0,hr,0.5,0
P2404__1024__2472___0,hr,0.5,0
P2404__1024__2472___1648,hr,0.5,0
P2404__1024__3296___2472,hr,0.5,0
P2504__1024__0___824,hr,0.5,0
P2504__1024__596___1118,hr,0.5,0
P2541__1024__0___1542,hr,0.5,0
P2541__1024__824___824,hr,0.5,0
P2582__1024__674___725,hr,0.5,0
P2645__1024__1648___2418,hr,0.5,0
P2689__1024__4944___824,hr,0.5,0
P2695__1024__824___0,hr,0.5,0
P2714__1024__0___0,hr,0.5,0
P2714__1024__824___0,hr,0.5,0
P2714__1024__824___1426,hr,0.5,0
P2718__1024__1648___0,hr,0.5,0
P2718__1024__1648___824,hr,0.5,0
P2718__1024__2472___0,hr,0.5,0
P2721__1024__3296___0,hr,0.5,0
P2722__1024__1648___0,hr,0.5,0
P2722__1024__2472___1422,hr,0.5,0
P2722__1024__2999___1422,hr,0.5,0
P2724__1024__0___1432,hr,0.5,0
P2724__1024__3517___1432,hr,0.5,0
P2745__1024__0___1475,hr,0.5,0
P2771__1024__0___824,hr,0.5,0
P0019__1024__2472___0,bicubic,0.25,0
P0027__1024__1322___0,bicubic,0.25,0
P0347__1024__0___824,bicubic,0.25,0
P0347__1024__537___1648,bicubic,0.25,0
P0526__1024__0___658,bicubic,0.25,0
P0579__1024__1116___0,bicubic,0.25,0
P0615__1024__0___0,bicubic,0.25,0
P0910__1024__0___824,bicubic,0.25,0
P0910__1024__0___880,bicubic,0.25,0
P0932__1024__0___95,bicubic,0.25,0
P0932__1024__133___95,bicubic,0.25,0
P0953__1024__1648___0,bicubic,0.25,0
P0953__1024__824___132,bicubic,0.25,0
P0961__1024__4120___0,bicubic,0.25,0
P0961__1024__4120___87,bicubic,0.25,0
P0961__1024__4944___0,bicubic,0.25,0
P0970__1024__2472___0,bicubic,0.25,0
P0998__1024__3296___0,bicubic,0.25,0
P0998__1024__3296___312,bicubic,0.25,0
P1005__1024__2472___0,bicubic,0.25,0
P1005__1024__4120___314,bicubic,0.25,0
P1005__1024__824___0,bicubic,0.25,1
P1007__1024__1648___238,bicubic,0.25,0
P1007__1024__5768___0,bicubic,0.25,0
P1007__1024__5768___238,bicubic,0.25,0
P1007__1024__7329___238,bicubic,0.25,0
P1007__1024__824___238,bicubic,0.25,0
P1009__1024__2472___0,bicubic,0.25,2
P1009__1024__824___352,bicubic,0.25,1
P1014__1024__0___0,bicubic,0.25,0
P1014__1024__1044___0,bicubic,0.25,0
P1014__1024__1044___824,bicubic,0.25,0
P1014__1024__1044___895,bicubic,0.25,0
P1022__1024__0___79,bicubic,0.25,0
P1022__1024__1680___0,bicubic,0.25,0
P1022__1024__824___0,bicubic,0.25,0
P1022__1024__824___79,bicubic,0.25,0
P1023__1024__0___0,bicubic,0.25,2
P1023__1024__2472___56,bicubic,0.25,1
P1023__1024__824___56,bicubic,0.25,1
P1029__1024__1598___638,bicubic,0.25,0
P1030__1024__0___343,bicubic,0.25,0
P1065__1024__0___0,bicubic,0.25,2
P1065__1024__1648___1513,bicubic,0.25,0
P1065__1024__2472___1513,bicubic,0.25,2
P1095__1024__0___1154,bicubic,0.25,1
P1095__1024__4120___0,bicubic,0.25,0
P1095__1024__4417___824,bicubic,0.25,0
P1225__1024__0___2472,bicubic,0.25,0
P1225__1024__2472___2976,bicubic,0.25,0
P1230__1024__1648___2976,bicubic,0.25,0
P1230__1024__3296___1648,bicubic,0.25,0
P1230__1024__3296___2472,bicubic,0.25,0
P1230__1024__3296___2976,bicubic,0.25,0
P1230__1024__3296___824,bicubic,0.25,0
P1234__1024__0___1648,bicubic,0.25,0
P1240__1024__0___1648,bicubic,0.25,0
P1240__1024__1648___0,bicubic,0.25,0
P1240__1024__2472___2472,bicubic,0.25,0
P1240__1024__824___1648,bicubic,0.25,0
P1242__1024__2472___2472,bicubic,0.25,0
P1246__1024__0___1648,bicubic,0.25,0
P1246__1024__2976___824,bicubic,0.25,0
P1257__1024__824___0,bicubic,0.25,0
P1266__1024__2472___824,bicubic,0.25,0
P1266__1024__2976___824,bicubic,0.25,0
P1269__1024__0___1648,bicubic,0.25,0
P1269__1024__2472___2596,bicubic,0.25,0
P1269__1024__2976___2596,bicubic,0.25,0
P1269__1024__824___1648,bicubic,0.25,0
P1269__1024__824___2472,bicubic,0.25,0
P1269__1024__824___2596,bicubic,0.25,0
P1314__1024__1648___824,bicubic,0.25,0
P1315__1024__0___1648,bicubic,0.25,0
P1315__1024__0___824,bicubic,0.25,0
P1315__1024__824___1648,bicubic,0.25,0
P1315__1024__824___2472,bicubic,0.25,0
P1323__1024__0___2472,bicubic,0.25,0
P1323__1024__2976___2472,bicubic,0.25,0
P1332__1024__0___2976,bicubic,0.25,0
P1342__1024__0___1648,bicubic,0.25,0
P1342__1024__1648___2976,bicubic,0.25,0
P1342__1024__824___0,bicubic,0.25,0
P1342__1024__824___2976,bicubic,0.25,0
P1356__1024__0___2976,bicubic,0.25,0
P1356__1024__1648___2472,bicubic,0.25,0
P1356__1024__2472___2472,bicubic,0.25,0
P1356__1024__2976___1648,bicubic,0.25,0
P1356__1024__2976___2976,bicubic,0.25,0
P1356__1024__2976___824,bicubic,0.25,0
P1370__1024__2472___0,bicubic,0.25,0
P1370__1024__2976___0,bicubic,0.25,0
P1380__1024__3296___3296,bicubic,0.25,0
P1380__1024__3373___3670,bicubic,0.25,0
P1384__1024__1648___0,bicubic,0.25,0
P1541__1024__1648___1648,bicubic,0.25,0
P1541__1024__2976___824,bicubic,0.25,0
P1547__1024__824___2472,bicubic,0.25,0
P1566__1024__824___2976,bicubic,0.25,0
P1570__1024__2976___1648,bicubic,0.25,0
P1610__1024__1648___1648,bicubic,0.25,0
P1610__1024__1648___2472,bicubic,0.25,0
P1610__1024__2976___824,bicubic,0.25,0
P1619__1024__1648___2472,bicubic,0.25,0
P1619__1024__2472___824,bicubic,0.25,0
P1647__1024__824___2976,bicubic,0.25,0
P1651__1024__1648___1648,bicubic,0.25,0
P1651__1024__1648___824,bicubic,0.25,0
P1651__1024__2472___824,bicubic,0.25,0
P1651__1024__2976___2976,bicubic,0.25,0
P1679__1024__0___3962,bicubic,0.25,0
P1700__1024__0___824,bicubic,0.25,0
P1700__1024__1648___0,bicubic,0.25,0
P1700__1024__2976___0,bicubic,0.25,0
P1720__1024__2472___824,bicubic,0.25,0
P1749__1024__2472___2976,bicubic,0.25,0
P1751__1024__0___2976,bicubic,0.25,0
P1770__1024__824___3296,bicubic,0.25,0
P1786__1024__824___2472,bicubic,0.25,0
P2256__1024__1648___506,bicubic,0.25,0
P2256__1024__824___506,bicubic,0.25,0
P2342__1024__890___1350,bicubic,0.25,0
P2342__1024__890___824,bicubic,0.25,0
P2363__1024__1213___824,bicubic,0.25,0
P2393__1024__824___0,bicubic,0.25,0
P2404__1024__2472___0,bicubic,0.25,0
P2404__1024__2472___1648,bicubic,0.25,0
P2404__1024__3296___2472,bicubic,0.25,0
P2504__1024__0___824,bicubic,0.25,0
P2504__1024__596___1118,bicubic,0.25,0
P2541__1024__0___1542,bicubic,0.25,0
P2541__1024__824___824,bicubic,0.25,0
P2582__1024__674___725,bicubic,0.25,0
P2645__1024__1648___2418,bicubic,0.25,0
P2689__1024__4944___824,bicubic,0.25,0
P2695__1024__824___0,bicubic,0.25,0
P2714__1024__0___0,bicubic,0.25,0
P2714__1024__824___0,bicubic,0.25,0
P2714__1024__824___1426,bicubic,0.25,0
P2718__1024__1648___0,bicubic,0.25,0
P2718__1024__1648___824,bicubic,0.25,0
P2718__1024__2472___0,bicubic,0.25,0
P2721__1024__3296___0,bicubic,0.25,0
P2722__1024__1648___0,bicubic,0.25,0
P2722__1024__2472___1422,bicubic,0.25,0
P2722__1024__2999___1422,bicubic,0.25,0
P2724__1024__0___1432,bicubic,0.25,0
P2724__1024__3517___1432,bicubic,0.25,0
P2745__1024__0___1475,bicubic,0.25,0
P2771__1024__0___824,bicubic,0.25,0
P0019__1024__2472___0,bicubic,0.5,0
P0027__1024__1322___0,bicubic,0.5,0
P0347__1024__0___824,bicubic,0.5,0
P0347__1024__537___1648,bicubic,0.5,0
P0526__1024__0___658,bicubic,0.5,0
P0579__1024__1116___0,bicubic,0.5,0
P0615__1024__0___0,bicubic,0.5,0
P0910__1024__0___824,bicubic,0.5,0
P0910__1024__0___880,bicubic,0.5,0
P0932__1024__0___95,bicubic,0.5,0
P0932__1024__133___95,bicubic,0.5,0
P0953__1024__1648___0,bicubic,0.5,0
P0953__1024__824___132,bicubic,0.5,0
P0961__1024__4120___0,bicubic,0.5,0
P0961__1024__4120___87,bicubic,0.5,0
P0961__1024__4944___0,bicubic,0.5,0
P0970__1024__2472___0,bicubic,0.5,0
P0998__1024__3296___0,bicubic,0.5,0
P0998__1024__3296___312,bicubic,0.5,0
P1005__1024__2472___0,bicubic,0.5,0
P1005__1024__4120___314,bicubic,0.5,0
P1005__1024__824___0,bicubic,0.5,0
P1007__1024__1648___238,bicubic,0.5,0
P1007__1024__5768___0,bicubic,0.5,0
P1007__1024__5768___238,bicubic,0.5,0
P1007__1024__7329___238,bicubic,0.5,0
P1007__1024__824___238,bicubic,0.5,0
P1009__1024__2472___0,bicubic,0.5,0
P1009__1024__824___352,bicubic,0.5,0
P1014__1024__0___0,bicubic,0.5,0
P1014__1024__1044___0,bicubic,0.5,0
P1014__1024__1044___824,bicubic,0.5,0
P1014__1024__1044___895,bicubic,0.5,0
P1022__1024__0___79,bicubic,0.5,0
P1022__1024__1680___0,bicubic,0.5,0
P1022__1024__824___0,bicubic,0.5,0
P1022__1024__824___79,bicubic,0.5,0
P1023__1024__0___0,bicubic,0.5,1
P1023__1024__2472___56,bicubic,0.5,0
P1023__1024__824___56,bicubic,0.5,0
P1029__1024__1598___638,bicubic,0.5,0
P1030__1024__0___343,bicubic,0.5,0
P1065__1024__0___0,bicubic,0.5,0
P1065__1024__1648___1513,bicubic,0.5,0
P1065__1024__2472___1513,bicubic,0.5,0
P1095__1024__0___1154,bicubic,0.5,1
P1095__1024__4120___0,bicubic,0.5,0
P1095__1024__4417___824,bicubic,0.5,0
P1225__1024__0___2472,bicubic,0.5,0
P1225__1024__2472___2976,bicubic,0.5,0
P1230__1024__1648___2976,bicubic,0.5,0
P1230__1024__3296___1648,bicubic,0.5,0
P1230__1024__3296___2472,bicubic,0.5,0
P1230__1024__3296___2976,bicubic,0.5,0
P1230__1024__3296___824,bicubic,0.5,0
P1234__1024__0___1648,bicubic,0.5,0
P1240__1024__0___1648,bicubic,0.5,0
P1240__1024__1648___0,bicubic,0.5,0
P1240__1024__2472___2472,bicubic,0.5,0
P1240__1024__824___1648,bicubic,0.5,0
P1242__1024__2472___2472,bicubic,0.5,0
P1246__1024__0___1648,bicubic,0.5,0
P1246__1024__2976___824,bicubic,0.5,0
P1257__1024__824___0,bicubic,0.5,0
P1266__1024__2472___824,bicubic,0.5,0
P1266__1024__2976___824,bicubic,0.5,0
P1269__1024__0___1648,bicubic,0.5,0
P1269__1024__2472___2596,bicubic,0.5,0
P1269__1024__2976___2596,bicubic,0.5,0
P1269__1024__824___1648,bicubic,0.5,0
P1269__1024__824___2472,bicubic,0.5,0
P1269__1024__824___2596,bicubic,0.5,0
P1314__1024__1648___824,bicubic,0.5,0
P1315__1024__0___1648,bicubic,0.5,0
P1315__1024__0___824,bicubic,0.5,0
P1315__1024__824___1648,bicubic,0.5,0
P1315__1024__824___2472,bicubic,0.5,0
P1323__1024__0___2472,bicubic,0.5,0
P1323__1024__2976___2472,bicubic,0.5,0
P1332__1024__0___2976,bicubic,0.5,0
P1342__1024__0___1648,bicubic,0.5,0
P1342__1024__1648___2976,bicubic,0.5,0
P1342__1024__824___0,bicubic,0.5,0
P1342__1024__824___2976,bicubic,0.5,0
P1356__1024__0___2976,bicubic,0.5,0
P1356__1024__1648___2472,bicubic,0.5,0
P1356__1024__2472___2472,bicubic,0.5,0
P1356__1024__2976___1648,bicubic,0.5,0
P1356__1024__2976___2976,bicubic,0.5,0
P1356__1024__2976___824,bicubic,0.5,0
P1370__1024__2472___0,bicubic,0.5,0
P1370__1024__2976___0,bicubic,0.5,0
P1380__1024__3296___3296,bicubic,0.5,0
P1380__1024__3373___3670,bicubic,0.5,0
P1384__1024__1648___0,bicubic,0.5,0
P1541__1024__1648___1648,bicubic,0.5,0
P1541__1024__2976___824,bicubic,0.5,0
P1547__1024__824___2472,bicubic,0.5,0
P1566__1024__824___2976,bicubic,0.5,0
P1570__1024__2976___1648,bicubic,0.5,0
P1610__1024__1648___1648,bicubic,0.5,0
P1610__1024__1648___2472,bicubic,0.5,0
P1610__1024__2976___824,bicubic,0.5,0
P1619__1024__1648___2472,bicubic,0.5,0
P1619__1024__2472___824,bicubic,0.5,0
P1647__1024__824___2976,bicubic,0.5,0
P1651__1024__1648___1648,bicubic,0.5,0
P1651__1024__1648___824,bicubic,0.5,0
P1651__1024__2472___824,bicubic,0.5,0
P1651__1024__2976___2976,bicubic,0.5,0
P1679__1024__0___3962,bicubic,0.5,0
P1700__1024__0___824,bicubic,0.5,0
P1700__1024__1648___0,bicubic,0.5,0
P1700__1024__2976___0,bicubic,0.5,0
P1720__1024__2472___824,bicubic,0.5,0
P1749__1024__2472___2976,bicubic,0.5,0
P1751__1024__0___2976,bicubic,0.5,0
P1770__1024__824___3296,bicubic,0.5,0
P1786__1024__824___2472,bicubic,0.5,0
P2256__1024__1648___506,bicubic,0.5,0
P2256__1024__824___506,bicubic,0.5,0
P2342__1024__890___1350,bicubic,0.5,0
P2342__1024__890___824,bicubic,0.5,0
P2363__1024__1213___824,bicubic,0.5,0
P2393__1024__824___0,bicubic,0.5,0
P2404__1024__2472___0,bicubic,0.5,0
P2404__1024__2472___1648,bicubic,0.5,0
P2404__1024__3296___2472,bicubic,0.5,0
P2504__1024__0___824,bicubic,0.5,0
P2504__1024__596___1118,bicubic,0.5,0
P2541__1024__0___1542,bicubic,0.5,0
P2541__1024__824___824,bicubic,0.5,0
P2582__1024__674___725,bicubic,0.5,0
P2645__1024__1648___2418,bicubic,0.5,0
P2689__1024__4944___824,bicubic,0.5,0
P2695__1024__824___0,bicubic,0.5,0
P2714__1024__0___0,bicubic,0.5,0
P2714__1024__824___0,bicubic,0.5,0
P2714__1024__824___1426,bicubic,0.5,0
P2718__1024__1648___0,bicubic,0.5,0
P2718__1024__1648___824,bicubic,0.5,0
P2718__1024__2472___0,bicubic,0.5,0
P2721__1024__3296___0,bicubic,0.5,0
P2722__1024__1648___0,bicubic,0.5,0
P2722__1024__2472___1422,bicubic,0.5,0
P2722__1024__2999___1422,bicubic,0.5,0
P2724__1024__0___1432,bicubic,0.5,0
P2724__1024__3517___1432,bicubic,0.5,0
P2745__1024__0___1475,bicubic,0.5,0
P2771__1024__0___824,bicubic,0.5,0
P0019__1024__2472___0,sr,0.25,1
P0027__1024__1322___0,sr,0.25,0
P0347__1024__0___824,sr,0.25,0
P0347__1024__537___1648,sr,0.25,1
P0526__1024__0___658,sr,0.25,0
P0579__1024__1116___0,sr,0.25,0
P0615__1024__0___0,sr,0.25,2
P0910__1024__0___824,sr,0.25,0
P0910__1024__0___880,sr,0.25,0
P0932__1024__0___95,sr,0.25,1
P0932__1024__133___95,sr,0.25,1
P0953__1024__1648___0,sr,0.25,2
P0953__1024__824___132,sr,0.25,1
P0961__1024__4120___0,sr,0.25,1
P0961__1024__4120___87,sr,0.25,1
P0961__1024__4944___0,sr,0.25,0
P0970__1024__2472___0,sr,0.25,0
P0998__1024__3296___0,sr,0.25,0
P0998__1024__3296___312,sr,0.25,0
P1005__1024__2472___0,sr,0.25,0
P1005__1024__4120___314,sr,0.25,0
P1005__1024__824___0,sr,0.25,2
P1007__1024__1648___238,sr,0.25,1
P1007__1024__5768___0,sr,0.25,2
P1007__1024__5768___238,sr,0.25,2
P1007__1024__7329___238,sr,0.25,0
P1007__1024__824___238,sr,0.25,0
P1009__1024__2472___0,sr,0.25,8
P1009__1024__824___352,sr,0.25,2
P1014__1024__0___0,sr,0.25,5
P1014__1024__1044___0,sr,0.25,4
P1014__1024__1044___824,sr,0.25,1
P1014__1024__1044___895,sr,0.25,1
P1022__1024__0___79,sr,0.25,0
P1022__1024__1680___0,sr,0.25,6
P1022__1024__824___0,sr,0.25,0
P1022__1024__824___79,sr,0.25,0
P1023__1024__0___0,sr,0.25,2
P1023__1024__2472___56,sr,0.25,1
P1023__1024__824___56,sr,0.25,1
P1029__1024__1598___638,sr,0.25,0
P1030__1024__0___343,sr,0.25,0
P1065__1024__0___0,sr,0.25,1
P1065__1024__1648___1513,sr,0.25,1
P1065__1024__2472___1513,sr,0.25,8
P1095__1024__0___1154,sr,0.25,2
P1095__1024__4120___0,sr,0.25,5
P1095__1024__4417___824,sr,0.25,3
P1225__1024__0___2472,sr,0.25,0
P1225__1024__2472___2976,sr,0.25,0
P1230__1024__1648___2976,sr,0.25,0
P1230__1024__3296___1648,sr,0.25,0
P1230__1024__3296___2472,sr,0.25,0
P1230__1024__3296___2976,sr,0.25,0
P1230__1024__3296___824,sr,0.25,0
P1234__1024__0___1648,sr,0.25,0
P1240__1024__0___1648,sr,0.25,0
P1240__1024__1648___0,sr,0.25,0
P1240__1024__2472___2472,sr,0.25,0
P1240__1024__824___1648,sr,0.25,0
P1242__1024__2472___2472,sr,0.25,0
P1246__1024__0___1648,sr,0.25,0
P1246__1024__2976___824,sr,0.25,0
P1257__1024__824___0,sr,0.25,0
P1266__1024__2472___824,sr,0.25,0
P1266__1024__2976___824,sr,0.25,2
P1269__1024__0___1648,sr,0.25,0
P1269__1024__2472___2596,sr,0.25,0
P1269__1024__2976___2596,sr,0.25,0
P1269__1024__824___1648,sr,0.25,0
P1269__1024__824___2472,sr,0.25,0
P1269__1024__824___2596,sr,0.25,0
P1314__1024__1648___824,sr,0.25,0
P1315__1024__0___1648,sr,0.25,0
P1315__1024__0___824,sr,0.25,0
P1315__1024__824___1648,sr,0.25,0
P1315__1024__824___2472,sr,0.25,1
P1323__1024__0___2472,sr,0.25,0
P1323__1024__2976___2472,sr,0.25,0
P1332__1024__0___2976,sr,0.25,0
P1342__1024__0___1648,sr,0.25,0
P1342__1024__1648___2976,sr,0.25,0
P1342__1024__824___0,sr,0.25,0
P1342__1024__824___2976,sr,0.25,0
P1356__1024__0___2976,sr,0.25,0
P1356__1024__1648___2472,sr,0.25,0
P1356__1024__2472___2472,sr,0.25,0
P1356__1024__2976___1648,sr,0.25,0
P1356__1024__2976___2976,sr,0.25,0
P1356__1024__2976___824,sr,0.25,0
P1370__1024__2472___0,sr,0.25,0
P1370__1024__2976___0,sr,0.25,0
P1380__1024__3296___3296,sr,0.25,7
P1380__1024__3373___3670,sr,0.25,2
P1384__1024__1648___0,sr,0.25,0
P1541__1024__1648___1648,sr,0.25,0
P1541__1024__2976___824,sr,0.25,1
P1547__1024__824___2472,sr,0.25,0
P1566__1024__824___2976,sr,0.25,0
P1570__1024__2976___1648,sr,0.25,0
P1610__1024__1648___1648,sr,0.25,0
P1610__1024__1648___2472,sr,0.25,1
P1610__1024__2976___824,sr,0.25,0
P1619__1024__1648___2472,sr,0.25,0
P1619__1024__2472___824,sr,0.25,0
P1647__1024__824___2976,sr,0.25,0
P1651__1024__1648___1648,sr,0.25,0
P1651__1024__1648___824,sr,0.25,0
P1651__1024__2472___824,sr,0.25,0
P1651__1024__2976___2976,sr,0.25,0
P1679__1024__0___3962,sr,0.25,0
P1700__1024__0___824,sr,0.25,0
P1700__1024__1648___0,sr,0.25,0
P1700__1024__2976___0,sr,0.25,0
P1720__1024__2472___824,sr,0.25,0
P1749__1024__2472___2976,sr,0.25,0
P1751__1024__0___2976,sr,0.25,45
P1770__1024__824___3296,sr,0.25,0
P1786__1024__824___2472,sr,0.25,0
P2256__1024__1648___506,sr,0.25,0
P2256__1024__824___506,sr,0.25,0
P2342__1024__890___1350,sr,0.25,0
P2342__1024__890___824,sr,0.25,0
P2363__1024__1213___824,sr,0.25,1
P2393__1024__824___0,sr,0.25,2
P2404__1024__2472___0,sr,0.25,0
P2404__1024__2472___1648,sr,0.25,0
P2404__1024__3296___2472,sr,0.25,0
P2504__1024__0___824,sr,0.25,0
P2504__1024__596___1118,sr,0.25,0
P2541__1024__0___1542,sr,0.25,0
P2541__1024__824___824,sr,0.25,0
P2582__1024__674___725,sr,0.25,0
P2645__1024__1648___2418,sr,0.25,0
P2689__1024__4944___824,sr,0.25,0
P2695__1024__824___0,sr,0.25,0
P2714__1024__0___0,sr,0.25,1
P2714__1024__824___0,sr,0.25,0
P2714__1024__824___1426,sr,0.25,0
P2718__1024__1648___0,sr,0.25,0
P2718__1024__1648___824,sr,0.25,0
P2718__1024__2472___0,sr,0.25,5
P2721__1024__3296___0,sr,0.25,0
P2722__1024__1648___0,sr,0.25,0
P2722__1024__2472___1422,sr,0.25,1
P2722__1024__2999___1422,sr,0.25,1
P2724__1024__0___1432,sr,0.25,1
P2724__1024__3517___1432,sr,0.25,0
P2745__1024__0___1475,sr,0.25,0
P2771__1024__0___824,sr,0.25,0
P0019__1024__2472___0,sr,0.5,0
P0027__1024__1322___0,sr,0.5,0
P0347__1024__0___824,sr,0.5,0
P0347__1024__537___1648,sr,0.5,0
P0526__1024__0___658,sr,0.5,0
P0579__1024__1116___0,sr,0.5,0
P0615__1024__0___0,sr,0.5,1
P0910__1024__0___824,sr,0.5,0
P0910__1024__0___880,sr,0.5,0
P0932__1024__0___95,sr,0.5,0
P0932__1024__133___95,sr,0.5,0
P0953__1024__1648___0,sr,0.5,0
P0953__1024__824___132,sr,0.5,0
P0961__1024__4120___0,sr,0.5,0
P0961__1024__4120___87,sr,0.5,0
P0961__1024__4944___0,sr,0.5,0
P0970__1024__2472___0,sr,0.5,0
P0998__1024__3296___0,sr,0.5,0
P0998__1024__3296___312,sr,0.5,0
P1005__1024__2472___0,sr,0.5,0
P1005__1024__4120___314,sr,0.5,0
P1005__1024__824___0,sr,0.5,1
P1007__1024__1648___238,sr,0.5,0
P1007__1024__5768___0,sr,0.5,2
P1007__1024__5768___238,sr,0.5,2
P1007__1024__7329___238,sr,0.5,0
P1007__1024__824___238,sr,0.5,0
P1009__1024__2472___0,sr,0.5,4
P1009__1024__824___352,sr,0.5,2
P1014__1024__0___0,sr,0.5,2
P1014__1024__1044___0,sr,0.5,0
P1014__1024__1044___824,sr,0.5,0
P1014__1024__1044___895,sr,0.5,0
P1022__1024__0___79,sr,0.5,0
P1022__1024__1680___0,sr,0.5,0
P1022__1024__824___0,sr,0.5,0
P1022__1024__824___79,sr,0.5,0
P1023__1024__0___0,sr,0.5,0
P1023__1024__2472___56,sr,0.5,0
P1023__1024__824___56,sr,0.5,0
P1029__1024__1598___638,sr,0.5,0
P1030__1024__0___343,sr,0.5,0
P1065__1024__0___0,sr,0.5,0
P1065__1024__1648___1513,sr,0.5,0
P1065__1024__2472___1513,sr,0.5,3
P1095__1024__0___1154,sr,0.5,0
P1095__1024__4120___0,sr,0.5,1
P1095__1024__4417___824,sr,0.5,1
P1225__1024__0___2472,sr,0.5,0
P1225__1024__2472___2976,sr,0.5,0
P1230__1024__1648___2976,sr,0.5,0
P1230__1024__3296___1648,sr,0.5,0
P1230__1024__3296___2472,sr,0.5,0
P1230__1024__3296___2976,sr,0.5,0
P1230__1024__3296___824,sr,0.5,0
P1234__1024__0___1648,sr,0.5,0
P1240__1024__0___1648,sr,0.5,0
P1240__1024__1648___0,sr,0.5,0
P1240__1024__2472___2472,sr,0.5,0
P1240__1024__824___1648,sr,0.5,0
P1242__1024__2472___2472,sr,0.5,0
P1246__1024__0___1648,sr,0.5,0
P1246__1024__2976___824,sr,0.5,0
P1257__1024__824___0,sr,0.5,0
P1266__1024__2472___824,sr,0.5,0
P1266__1024__2976___824,sr,0.5,2
P1269__1024__0___1648,sr,0.5,0
P1269__1024__2472___2596,sr,0.5,0
P1269__1024__2976___2596,sr,0.5,0
P1269__1024__824___1648,sr,0.5,0
P1269__1024__824___2472,sr,0.5,0
P1269__1024__824___2596,sr,0.5,0
P1314__1024__1648___824,sr,0.5,0
P1315__1024__0___1648,sr,0.5,0
P1315__1024__0___824,sr,0.5,0
P1315__1024__824___1648,sr,0.5,0
P1315__1024__824___2472,sr,0.5,0
P1323__1024__0___2472,sr,0.5,0
P1323__1024__2976___2472,sr,0.5,0
P1332__1024__0___2976,sr,0.5,0
P1342__1024__0___1648,sr,0.5,0
P1342__1024__1648___2976,sr,0.5,0
P1342__1024__824___0,sr,0.5,0
P1342__1024__824___2976,sr,0.5,0
P1356__1024__0___2976,sr,0.5,0
P1356__1024__1648___2472,sr,0.5,0
P1356__1024__2472___2472,sr,0.5,0
P1356__1024__2976___1648,sr,0.5,0
P1356__1024__2976___2976,sr,0.5,0
P1356__1024__2976___824,sr,0.5,0
P1370__1024__2472___0,sr,0.5,0
P1370__1024__2976___0,sr,0.5,0
P1380__1024__3296___3296,sr,0.5,2
P1380__1024__3373___3670,sr,0.5,0
P1384__1024__1648___0,sr,0.5,0
P1541__1024__1648___1648,sr,0.5,0
P1541__1024__2976___824,sr,0.5,0
P1547__1024__824___2472,sr,0.5,0
P1566__1024__824___2976,sr,0.5,0
P1570__1024__2976___1648,sr,0.5,0
P1610__1024__1648___1648,sr,0.5,0
P1610__1024__1648___2472,sr,0.5,0
P1610__1024__2976___824,sr,0.5,0
P1619__1024__1648___2472,sr,0.5,0
P1619__1024__2472___824,sr,0.5,0
P1647__1024__824___2976,sr,0.5,0
P1651__1024__1648___1648,sr,0.5,0
P1651__1024__1648___824,sr,0.5,0
P1651__1024__2472___824,sr,0.5,0
P1651__1024__2976___2976,sr,0.5,0
P1679__1024__0___3962,sr,0.5,0
P1700__1024__0___824,sr,0.5,0
P1700__1024__1648___0,sr,0.5,0
P1700__1024__2976___0,sr,0.5,0
P1720__1024__2472___824,sr,0.5,0
P1749__1024__2472___2976,sr,0.5,0
P1751__1024__0___2976,sr,0.5,7
P1770__1024__824___3296,sr,0.5,0
P1786__1024__824___2472,sr,0.5,0
P2256__1024__1648___506,sr,0.5,0
P2256__1024__824___506,sr,0.5,0
P2342__1024__890___1350,sr,0.5,0
P2342__1024__890___824,sr,0.5,0
P2363__1024__1213___824,sr,0.5,0
P2393__1024__824___0,sr,0.5,1
P2404__1024__2472___0,sr,0.5,0
P2404__1024__2472___1648,sr,0.5,0
P2404__1024__3296___2472,sr,0.5,0
P2504__1024__0___824,sr,0.5,0
P2504__1024__596___1118,sr,0.5,0
P2541__1024__0___1542,sr,0.5,0
P2541__1024__824___824,sr,0.5,0
P2582__1024__674___725,sr,0.5,0
P2645__1024__1648___2418,sr,0.5,0
P2689__1024__4944___824,sr,0.5,0
P2695__1024__824___0,sr,0.5,0
P2714__1024__0___0,sr,0.5,0
P2714__1024__824___0,sr,0.5,0
P2714__1024__824___1426,sr,0.5,0
P2718__1024__1648___0,sr,0.5,0
P2718__1024__1648___824,sr,0.5,0
P2718__1024__2472___0,sr,0.5,0
P2721__1024__3296___0,sr,0.5,0
P2722__1024__1648___0,sr,0.5,0
P2722__1024__2472___1422,sr,0.5,0
P2722__1024__2999___1422,sr,0.5,0
P2724__1024__0___1432,sr,0.5,0
P2724__1024__3517___1432,sr,0.5,0
P2745__1024__0___1475,sr,0.5,0
P2771__1024__0___824,sr,0.5,0
