tile,hr_ship_detections_conf0.25,kept
P1230__1024__3296___1648,0,1
P1230__1024__3296___824,0,1
P1749__1024__2472___2976,0,1
P0579__1024__1116___0,0,1
P1022__1024__0___79,0,1
P1323__1024__2976___2472,0,1
P1356__1024__2976___2976,0,1
P0961__1024__4120___0,0,1
P2504__1024__0___824,0,1
P0953__1024__824___132,0,1
P1269__1024__2472___2596,0,1
P1065__1024__1648___1513,0,1
P1007__1024__824___238,0,1
P1651__1024__2472___824,0,1
P1610__1024__2976___824,0,1
P0970__1024__2472___0,0,1
P2722__1024__1648___0,0,1
P1647__1024__824___2976,0,1
P1619__1024__1648___2472,0,1
P1022__1024__824___79,0,1
P2771__1024__0___824,0,1
P1356__1024__0___2976,0,1
P1240__1024__0___1648,0,1
P1651__1024__2976___2976,0,1
P1266__1024__2976___824,0,1
P1230__1024__3296___2472,0,1
P0027__1024__1322___0,0,1
P1014__1024__1044___895,0,1
P1356__1024__2472___2472,0,1
P1065__1024__0___0,0,1
P1065__1024__2472___1513,0,1
P2714__1024__824___0,0,1
P1246__1024__2976___824,0,1
P1547__1024__824___2472,0,1
P1014__1024__1044___0,0,1
P1370__1024__2472___0,0,1
P1323__1024__0___2472,0,1
P1370__1024__2976___0,0,1
P0347__1024__0___824,0,1
P1007__1024__1648___238,0,1
P2404__1024__2472___0,0,1
P1786__1024__824___2472,0,1
P2695__1024__824___0,0,1
P1014__1024__1044___824,0,1
P0910__1024__0___880,0,1
P0910__1024__0___824,0,1
P1610__1024__1648___2472,0,1
P1356__1024__2976___824,0,1
P1541__1024__1648___1648,0,1
P1314__1024__1648___824,0,1
P1700__1024__2976___0,0,1
P1007__1024__5768___0,0,1
P1030__1024__0___343,0,1
P1007__1024__5768___238,0,1
P1700__1024__1648___0,0,1
P1234__1024__0___1648,0,1
P1257__1024__824___0,0,1
P2363__1024__1213___824,0,1
P2541__1024__824___824,0,1
P1023__1024__2472___56,0,1
P2256__1024__824___506,0,1
P1095__1024__4120___0,0,1
P0932__1024__0___95,0,1
P2404__1024__2472___1648,0,1
P2718__1024__1648___0,0,1
P1651__1024__1648___1648,0,1
P2404__1024__3296___2472,0,1
P1269__1024__824___1648,0,1
P2689__1024__4944___824,0,1
P0961__1024__4120___87,0,1
P0998__1024__3296___0,0,1
P1332__1024__0___2976,0,1
P2722__1024__2999___1422,0,1
P1269__1024__824___2472,0,1
P1005__1024__4120___314,0,1
P1619__1024__2472___824,0,1
P1023__1024__824___56,0,1
P1240__1024__1648___0,0,1
P1315__1024__824___2472,0,1
P1570__1024__2976___1648,0,1
P1269__1024__2976___2596,0,1
P1009__1024__2472___0,0,1
P2393__1024__824___0,0,1
P0932__1024__133___95,0,1
P2718__1024__2472___0,0,1
P1230__1024__3296___2976,0,1
P1009__1024__824___352,0,1
P1342__1024__0___1648,0,1
P1269__1024__824___2596,0,1
P0961__1024__4944___0,0,1
P1266__1024__2472___824,0,1
P1242__1024__2472___2472,0,1
P1342__1024__824___2976,0,1
P2714__1024__0___0,0,1
P2745__1024__0___1475,0,1
P1770__1024__824___3296,0,1
P2256__1024__1648___506,0,1
P1380__1024__3373___3670,0,1
P2582__1024__674___725,0,1
P2722__1024__2472___1422,0,1
P1095__1024__4417___824,0,1
P1356__1024__2976___1648,0,1
P0953__1024__1648___0,0,1
P1356__1024__1648___2472,0,1
P1005__1024__824___0,0,1
P1315__1024__0___824,0,1
P1751__1024__0___2976,0,1
P1225__1024__2472___2976,0,1
P0526__1024__0___658,0,1
P2342__1024__890___1350,0,1
P0019__1024__2472___0,0,1
P1342__1024__824___0,0,1
P2504__1024__596___1118,0,1
P1700__1024__0___824,0,1
P1022__1024__1680___0,0,1
P2541__1024__0___1542,0,1
P1541__1024__2976___824,0,1
P1240__1024__824___1648,0,1
P1315__1024__0___1648,0,1
P1380__1024__3296___3296,0,1
P1022__1024__824___0,0,1
P2721__1024__3296___0,0,1
P2724__1024__3517___1432,0,1
P1029__1024__1598___638,0,1
P1566__1024__824___2976,0,1
P1225__1024__0___2472,0,1
P1651__1024__1648___824,0,1
P1679__1024__0___3962,0,1
P1246__1024__0___1648,0,1
P1342__1024__1648___2976,0,1
P1230__1024__1648___2976,0,1
P1023__1024__0___0,0,1
P2724__1024__0___1432,0,1
P1005__1024__2472___0,0,1
P2645__1024__1648___2418,0,1
P2714__1024__824___1426,0,1
P1720__1024__2472___824,0,1
P1269__1024__0___1648,0,1
P2342__1024__890___824,0,1
P1014__1024__0___0,0,1
P1095__1024__0___1154,0,1
P0615__1024__0___0,0,1
P1007__1024__7329___238,0,1
P1610__1024__1648___1648,0,1
P1384__1024__1648___0,0,1
P0998__1024__3296___312,0,1
P0347__1024__537___1648,0,1
P2718__1024__1648___824,0,1
P1315__1024__824___1648,0,1
P1240__1024__2472___2472,0,1
P0019__1024__4944___2472,0,0
P1022__1024__1648___79,0,0
P0932__1024__133___0,0,0
P0961__1024__1648___0,0,0
P1323__1024__0___1648,0,0
P2374__1024__0___0,0,0
P2404__1024__4120___3090,0,0
P1007__1024__1648___0,0,0
P1315__1024__1648___0,0,0
P1315__1024__2472___0,0,0
P1268__1024__2472___1648,0,0
P1342__1024__0___2472,0,0
P1356__1024__2472___824,0,0
P1240__1024__824___824,0,0
P1065__1024__3296___1513,0,0
P2365__1024__1807___0,0,0
P2645__1024__2472___2418,0,0
P0990__1024__824___1204,0,0
P0953__1024__0___0,0,0
P1246__1024__1648___824,0,0
P1380__1024__3373___3296,0,0
P1751__1024__2472___1648,0,0
P1005__1024__1648___314,0,0
P1342__1024__0___2976,0,0
P2256__1024__1648___0,0,0
P1269__1024__0___824,0,0
P1380__1024__824___3670,0,0
P0974__1024__824___0,0,0
P1647__1024__0___2472,0,0
P0019__1024__0___824,0,0
P2331__1024__2250___0,0,0
P0027__1024__0___0,0,0
P0953__1024__0___132,0,0
P2404__1024__1648___0,0,0
P1356__1024__1648___2976,0,0
P1323__1024__824___1648,0,0
P0331__1024__0___824,0,0
P1022__1024__1648___0,0,0
P1749__1024__1648___2472,0,0
P1009__1024__1648___0,0,0
P1014__1024__824___895,0,0
P2714__1024__3513___0,0,0
P2393__1024__1077___0,0,0
P1541__1024__2472___1648,0,0
P1269__1024__2976___2472,0,0
P0964__1024__2474___127,0,0
P1384__1024__4120___824,0,0
P2714__1024__1648___824,0,0
P1315__1024__1648___1648,0,0
P2504__1024__0___1118,0,0
P1610__1024__2472___0,0,0
P2365__1024__824___1303,0,0
P1240__1024__2472___2976,0,0
P2256__1024__0___506,0,0
P2256__1024__824___0,0,0
P1066__1024__0___824,0,0
P1065__1024__3314___824,0,0
P1095__1024__3296___0,0,0
P1561__1024__0___2976,0,0
P1005__1024__0___314,0,0
P1230__1024__0___2472,0,0
P1314__1024__2472___824,0,0
P2541__1024__1590___0,0,0
P0347__1024__537___824,0,0
P1268__1024__0___2596,0,0
P1242__1024__2976___2472,0,0
P2351__1024__822___705,0,0
P1315__1024__1648___824,0,0
P2714__1024__824___824,0,0
P1315__1024__0___2976,0,0
P1246__1024__1648___0,0,0
P1030__1024__1648___0,0,0
P1566__1024__1648___2976,0,0
P1095__1024__4417___0,0,0
P1377__1024__2770___1648,0,0
P0019__1024__824___0,0,0
P1315__1024__824___0,0,0
P1700__1024__2472___824,0,0
P1268__1024__2976___824,0,0
P1342__1024__2472___0,0,0
P2394__1024__781___0,0,0
P2718__1024__2472___824,0,0
P1315__1024__2472___2976,0,0
P1065__1024__3296___824,0,0
P1030__1024__0___0,0,0
P1009__1024__2943___0,0,0
P0961__1024__5055___87,0,0
P0964__1024__2472___127,0,0
P1266__1024__1648___2472,0,0
P2724__1024__824___0,0,0
P1763__1024__824___0,0,0
P1023__1024__2472___0,0,0
P2404__1024__1648___824,0,0
P1023__1024__1648___56,0,0
P2363__1024__0___0,0,0
P2714__1024__2472___824,0,0
P0961__1024__824___0,0,0
P2394__1024__0___964,0,0
P1009__1024__2943___352,0,0
P1030__1024__824___0,0,0
P0990__1024__1281___824,0,0
P2394__1024__0___824,0,0
P2504__1024__596___824,0,0
P1095__1024__824___0,0,0
P1356__1024__824___1648,0,0
P1610__1024__2976___0,0,0
P1269__1024__1648___824,0,0
P1030__1024__1648___343,0,0
P1315__1024__1648___2976,0,0
P1269__1024__0___2596,0,0
P1410__1024__824___1648,0,0
P0990__1024__1281___1204,0,0
P1570__1024__1648___0,0,0
P0262__1024__0___1414,0,0
P0019__1024__4944___0,0,0
P2722__1024__2472___824,0,0
P0964__1024__0___0,0,0
P0953__1024__1648___132,0,0
P1023__1024__824___0,0,0
P2394__1024__781___824,0,0
P0961__1024__2472___87,0,0
P1005__1024__824___314,0,0
P1230__1024__0___1648,0,0
P1007__1024__824___0,0,0
P1619__1024__824___2976,0,0
P1342__1024__2472___824,0,0
P1065__1024__3314___1513,0,0
P2351__1024__0___705,0,0
P2404__1024__4120___2472,0,0
P1356__1024__2472___2976,0,0
P1610__1024__2472___824,0,0
P2721__1024__1648___824,0,0
P1518__1024__2472___2976,0,0
P1323__1024__1648___1648,0,0
P1342__1024__824___824,0,0
P1315__1024__2472___2472,0,0
P0990__1024__824___824,0,0
P2689__1024__5134___824,0,0
P1022__1024__0___0,0,0
P1095__1024__1648___0,0,0
P0019__1024__4120___2472,0,0
P0961__1024__1648___87,0,0
P1268__1024__2472___824,0,0
P1749__1024__0___0,0,0
P1323__1024__824___2976,0,0
P0347__1024__537___0,0,0
P1570__1024__2472___824,0,0
P1380__1024__824___2472,0,0
P1022__1024__1680___79,0,0
P1240__1024__2976___824,0,0
P0027__1024__824___0,0,0
P1342__1024__2472___2976,0,0
P1314__1024__2976___824,0,0
P1547__1024__824___0,0,0
P2689__1024__4944___0,0,0
P1266__1024__1648___2596,0,0
P1323__1024__2472___824,0,0
P0964__1024__1648___0,0,0
P1007__1024__0___0,0,0
P1225__1024__2472___1648,0,0
P2363__1024__824___824,0,0
P1356__1024__2976___0,0,0
P1323__1024__1648___824,0,0
P1095__1024__2472___0,0,0
P1323__1024__824___824,0,0
P0027__1024__0___750,0,0
P1342__1024__824___2472,0,0
P1269__1024__2472___1648,0,0
P1356__1024__1648___1648,0,0
P2404__1024__1648___1648,0,0
P1225__1024__2472___2472,0,0
P1315__1024__2976___2976,0,0
P1356__1024__2472___1648,0,0
P1541__1024__2976___1648,0,0
P1356__1024__2976___2472,0,0
P1557__1024__2976___1648,0,0
P0974__1024__1433___0,0,0
P0019__1024__0___0,0,0
P2766__1024__824___4572,0,0
P2645__1024__824___2418,0,0
P1095__1024__0___824,0,0
P1380__1024__3296___3670,0,0
P1014__1024__824___0,0,0
P2722__1024__824___1422,0,0
P0961__1024__2472___0,0,0
P1619__1024__2472___2472,0,0
P1770__1024__1648___3296,0,0
P1619__1024__1648___824,0,0
P1557__1024__1648___1648,0,0
P1009__1024__2472___352,0,0
P1315__1024__0___2472,0,0
P1029__1024__1598___0,0,0
P1234__1024__2472___2976,0,0
P1005__1024__0___0,0,0
P0961__1024__3296___0,0,0
P2722__1024__1648___824,0,0
P1619__1024__824___2472,0,0
P2714__1024__2472___0,0,0
P1356__1024__1648___824,0,0
P1023__1024__1648___0,0,0
P0615__1024__333___0,0,0
P1356__1024__2472___0,0,0
P1230__1024__2472___1648,0,0
P1384__1024__4840___824,0,0
P1332__1024__2472___0,0,0
P1269__1024__1648___2472,0,0
P0961__1024__824___87,0,0
P1518__1024__2976___2472,0,0
P1323__1024__0___2976,0,0
P1065__1024__1648___824,0,0
P1029__1024__824___0,0,0
P2363__1024__1213___893,0,0
P1014__1024__824___824,0,0
P1242__1024__824___2976,0,0
P1561__1024__2472___2472,0,0
P2714__1024__3296___0,0,0
P2385__1024__1047___824,0,0
P0019__1024__4120___0,0,0
P2721__1024__3515___0,0,0
P1225__1024__0___2976,0,0
P1569__1024__3270___1648,0,0
P0953__1024__1955___132,0,0
P1005__1024__3296___314,0,0
P1266__1024__1648___824,0,0
P2385__1024__824___984,0,0
P0964__1024__1648___127,0,0
P1323__1024__2976___2976,0,0
P1384__1024__2472___0,0,0
P0526__1024__824___658,0,0
P1377__1024__2472___1648,0,0
P0990__1024__1281___0,0,0
P1323__1024__2976___1648,0,0
P1786__1024__824___824,0,0
P0964__1024__824___0,0,0
P1269__1024__2472___2472,0,0
P1230__1024__4176___2976,0,0
P2342__1024__824___824,0,0
P1029__1024__824___638,0,0
P1619__1024__1648___2976,0,0
P0990__1024__0___0,0,0
P1700__1024__2472___0,0,0
P1342__1024__1648___2472,0,0
P1619__1024__2472___1648,0,0
P1314__1024__1648___2976,0,0
P0027__1024__824___750,0,0
P1230__1024__4120___2976,0,0
P1242__1024__1648___2472,0,0
P1623__1024__1648___3296,0,0
P0970__1024__3251___0,0,0
P2722__1024__2999___824,0,0
P1029__1024__0___638,0,0
P1014__1024__0___895,0,0
P1315__1024__824___2976,0,0
P0579__1024__824___0,0,0
P0998__1024__1648___312,0,0
P1566__1024__1648___2472,0,0
P2256__1024__2472___0,0,0
P2721__1024__2472___824,0,0
P1095__1024__4120___1154,0,0
P1268__1024__2472___0,0,0
P1651__1024__2976___2472,0,0
P1323__1024__2976___824,0,0
P2256__1024__2472___506,0,0
P1518__1024__2472___2472,0,0
P0990__1024__824___0,0,0
P1234__1024__1648___2976,0,0
P1749__1024__1648___2976,0,0
P1342__1024__2976___2976,0,0
P0974__1024__1433___130,0,0
P0019__1024__5549___824,0,0
P1738__1024__2976___2976,0,0
P0027__1024__1322___750,0,0
P2365__1024__1648___0,0,0
P1561__1024__824___2976,0,0
P1030__1024__2472___343,0,0
P1065__1024__2472___824,0,0
P0953__1024__824___0,0,0
P2404__1024__824___0,0,0
P1561__1024__2472___2976,0,0
P2724__1024__0___0,0,0
P0974__1024__0___0,0,0
P1315__1024__2976___2472,0,0
P0019__1024__824___1648,0,0
P0579__1024__824___98,0,0
P1323__1024__824___0,0,0
P2504__1024__596___0,0,0
P1266__1024__2976___1648,0,0
P1749__1024__2976___2976,0,0
P2404__1024__2472___824,0,0
P1269__1024__2472___824,0,0
P1542__1024__1648___2472,0,0
P0347__1024__0___2396,0,0
P2331__1024__1648___0,0,0
P1342__1024__1648___0,0,0
P1570__1024__2976___2472,0,0
P0961__1024__4944___87,0,0
P2385__1024__824___824,0,0
P0932__1024__0___0,0,0
P1542__1024__1648___1648,0,0
P1095__1024__4120___824,0,0
P1023__1024__0___56,0,0
P0970__1024__0___0,0,0
P1410__1024__0___3296,0,0
P1030__1024__2940___0,0,0
P0998__1024__1648___0,0,0
P1342__1024__2472___1648,0,0
P0953__1024__1955___0,0,0
P1007__1024__6592___0,0,0
P1356__1024__1648___0,0,0
P0019__1024__4120___2703,0,0
P1005__1024__1648___0,0,0
P2722__1024__1648___1422,0,0
P1566__1024__824___824,0,0
P1323__1024__2976___0,0,0
P2256__1024__3570___0,0,0
P1315__1024__824___824,0,0
P0964__1024__2474___0,0,0
P1342__1024__2976___0,0,0
P2337__1024__0___1372,0,0
P1651__1024__2472___1648,0,0
P1268__1024__2976___0,0,0
P1566__1024__824___1648,0,0
P1095__1024__4417___1154,0,0
P1230__1024__824___2976,0,0
P1268__1024__2976___1648,0,0
P1380__1024__824___3296,0,0
P2541__1024__1590___824,0,0
P0615__1024__0___395,0,0
P1014__1024__0___824,0,0
P1007__1024__0___238,0,0
P0970__1024__2472___116,0,0
P0961__1024__3296___87,0,0
P1770__1024__824___3946,0,0
P2714__1024__0___824,0,0
P1030__1024__2940___343,0,0
P1030__1024__824___343,0,0
P1030__1024__2472___0,0,0
P1269__1024__2976___824,0,0
P1315__1024__2976___0,0,0
P2771__1024__0___863,0,0
P2541__1024__824___1542,0,0
P1647__1024__0___1648,0,0
P1269__1024__2976___1648,0,0
P1323__1024__2472___0,0,0
P1005__1024__2472___314,0,0
P1269__1024__824___0,0,0
P1314__1024__2976___1648,0,0
P2331__1024__0___0,0,0
P2365__1024__824___824,0,0
P1315__1024__2976___824,0,0
P0964__1024__2472___0,0,0
P0970__1024__3251___116,0,0
P1651__1024__1648___0,0,0
P2582__1024__0___725,0,0
P1009__1024__1648___352,0,0
P1234__1024__1648___2472,0,0
P1225__1024__0___824,0,0
P1065__1024__0___824,0,0
P0961__1024__0___87,0,0
P1323__1024__0___0,0,0
P1240__1024__0___824,0,0
P1323__1024__2472___1648,0,0
P2342__1024__824___1350,0,0
P0019__1024__0___1648,0,0
P1410__1024__824___2472,0,0
P0019__1024__824___2472,0,0
P0961__1024__0___0,0,0
P1246__1024__2976___2472,0,0
P2394__1024__781___964,0,0
P1623__1024__0___0,0,0
P2722__1024__824___824,0,0
P2689__1024__5134___0,0,0
P1075__1024__824___1648,0,0
P1315__1024__2472___824,0,0
P1619__1024__1648___1648,0,0
P1342__1024__2472___2472,0,0
P0990__1024__0___824,0,0
P2714__1024__1648___0,0,0
P1752__1024__2472___824,0,0
P1323__1024__1648___2976,0,0
P0961__1024__5055___0,0,0
P0974__1024__824___130,0,0
P1315__1024__1648___2472,0,0
P2504__1024__0___0,0,0
P1242__1024__0___824,0,0
P0974__1024__0___130,0,0
P1009__1024__0___352,0,0
P1269__1024__1648___2596,0,0
P2363__1024__824___893,0,0
P1095__1024__824___824,0,0
P2722__1024__824___0,0,0
P1342__1024__2976___2472,0,0
P1786__1024__1648___2472,0,0
P1314__1024__824___1648,0,0
P1541__1024__2472___824,0,0
P2256__1024__3296___506,0,0
P2385__1024__1047___984,0,0
P1246__1024__2976___0,0,0
P0615__1024__333___395,0,0
P1566__1024__824___2472,0,0
P1380__1024__0___2472,0,0
P2701__1024__1648___0,3,0
P0998__1024__4755___312,1,0
P2701__1024__1648___824,2,0
P2429__1024__824___0,1,0
P1210__1024__0___0,2,0
P0970__1024__1648___0,1,0
P0019__1024__1648___2472,1,0
P1065__1024__1648___0,2,0
P1023__1024__2717___56,3,0
P0910__1024__824___0,5,0
P2645__1024__3296___1648,1,0
P0998__1024__824___0,2,0
P1075__1024__824___2446,9,0
P1283__1024__1648___824,1,0
P0557__1024__1117___0,1,0
P0998__1024__2472___312,1,0
P1268__1024__0___2472,1,0
P0910__1024__824___824,4,0
P0998__1024__0___0,1,0
P1246__1024__0___2472,1,0
P1065__1024__824___824,1,0
P0998__1024__824___312,4,0
P0910__1024__1057___0,6,0
P0910__1024__1057___880,1,0
P0019__1024__1648___2703,1,0
P1268__1024__0___1648,1,0
P1672__1024__824___1648,2,0
P1234__1024__1648___1648,4,0
P2351__1024__0___0,1,0
P0910__1024__824___880,1,0
P2256__1024__3296___0,1,0
P0910__1024__0___0,21,0
P0557__1024__824___0,3,0
P1065__1024__824___0,1,0
P0998__1024__2472___0,1,0
P1283__1024__2472___824,1,0
P1278__1024__0___824,1,0
P1749__1024__824___0,1,0
P0970__1024__1648___116,1,0
P1023__1024__2717___0,4,0
P0579__1024__1116___98,1,0
P2393__1024__824___727,1,0
P1356__1024__0___2472,2,0
P0970__1024__824___0,1,0
P0910__1024__1057___824,4,0
P2714__1024__0___1426,1,0
P1672__1024__1648___1648,2,0
P0557__1024__1117___98,1,0
P0998__1024__4120___312,1,0
P0557__1024__824___98,4,0
P1234__1024__824___1648,3,0
P1075__1024__1139___2446,8,0
P0998__1024__0___312,1,0
P0970__1024__824___116,1,0
P2645__1024__824___1648,1,0
P1009__1024__824___0,1,0
P1009__1024__0___0,3,0
